#! /usr/bin/vvp
:ivl_version "12.0 (stable)";
:ivl_delay_selection "TYPICAL";
:vpi_time_precision + 0;
:vpi_module "/usr/lib64/ivl/system.vpi";
:vpi_module "/usr/lib64/ivl/vhdl_sys.vpi";
:vpi_module "/usr/lib64/ivl/vhdl_textio.vpi";
:vpi_module "/usr/lib64/ivl/v2005_math.vpi";
:vpi_module "/usr/lib64/ivl/va_math.vpi";
S_0x563703d12290 .scope module, "test_top" "test_top" 2 1;
 .timescale 0 0;
v0x563703d53060_0 .var "clk", 0 0;
v0x563703d53120_0 .var "ena", 0 0;
v0x563703d531e0_0 .var "rst_n", 0 0;
v0x563703d53280_0 .var "ui_in", 7 0;
v0x563703d53350_0 .var "uio_in", 7 0;
L_0x7f42c1e6d060 .functor BUFT 1, C4<00000000>, C4<0>, C4<0>, C4<0>;
v0x563703d53440_0 .net "uio_oe", 7 0, L_0x7f42c1e6d060;  1 drivers
L_0x7f42c1e6d018 .functor BUFT 1, C4<00000000>, C4<0>, C4<0>, C4<0>;
v0x563703d53510_0 .net "uio_out", 7 0, L_0x7f42c1e6d018;  1 drivers
v0x563703d535e0_0 .net "uo_out", 7 0, L_0x563703d589c0;  1 drivers
S_0x563703cbbef0 .scope module, "test_top" "tt_um_jalcim" 2 13, 3 8 0, S_0x563703d12290;
 .timescale 0 0;
    .port_info 0 /INPUT 8 "ui_in";
    .port_info 1 /OUTPUT 8 "uo_out";
    .port_info 2 /INPUT 8 "uio_in";
    .port_info 3 /OUTPUT 8 "uio_out";
    .port_info 4 /OUTPUT 8 "uio_oe";
    .port_info 5 /INPUT 1 "ena";
    .port_info 6 /INPUT 1 "clk";
    .port_info 7 /INPUT 1 "rst_n";
L_0x563703d58140 .functor BUFZ 24, L_0x563703d55730, C4<000000000000000000000000>, C4<000000000000000000000000>, C4<000000000000000000000000>;
L_0x563703d585b0 .functor BUFZ 24, L_0x563703d56fc0, C4<000000000000000000000000>, C4<000000000000000000000000>, C4<000000000000000000000000>;
L_0x563703d72690 .functor BUFZ 6, L_0x563703d57f60, C4<000000>, C4<000000>, C4<000000>;
L_0x563703d736e0 .functor BUFZ 8, v0x563703d53350_0, C4<00000000>, C4<00000000>, C4<00000000>;
v0x563703d50540_0 .net "_ignore1", 5 0, L_0x563703d58000;  1 drivers
v0x563703d50620_0 .net "_ignore2", 5 0, L_0x563703d583d0;  1 drivers
v0x563703d50700_0 .net "_ignore3", 5 0, L_0x563703d58470;  1 drivers
v0x563703d507f0_0 .net *"_ivl_11", 0 0, L_0x563703d53e90;  1 drivers
v0x563703d508d0_0 .net *"_ivl_13", 0 0, L_0x563703d53f90;  1 drivers
v0x563703d509b0_0 .net *"_ivl_14", 5 0, L_0x563703d540b0;  1 drivers
v0x563703d50a90_0 .net *"_ivl_17", 0 0, L_0x563703d541c0;  1 drivers
v0x563703d50b50_0 .net *"_ivl_18", 5 0, L_0x563703d542b0;  1 drivers
v0x563703d50c30_0 .net *"_ivl_21", 0 0, L_0x563703d543d0;  1 drivers
v0x563703d50cf0_0 .net *"_ivl_22", 5 0, L_0x563703d544f0;  1 drivers
v0x563703d50dd0_0 .net *"_ivl_25", 0 0, L_0x563703d54620;  1 drivers
v0x563703d50e90_0 .net *"_ivl_26", 8 0, L_0x563703d546f0;  1 drivers
v0x563703d50f70_0 .net *"_ivl_42", 23 0, L_0x563703d58140;  1 drivers
v0x563703d51050_0 .net *"_ivl_49", 23 0, L_0x563703d585b0;  1 drivers
v0x563703d51130_0 .net *"_ivl_5", 0 0, L_0x563703d53be0;  1 drivers
v0x563703d51210_0 .net *"_ivl_7", 0 0, L_0x563703d53cd0;  1 drivers
v0x563703d512f0_0 .net *"_ivl_9", 0 0, L_0x563703d53d70;  1 drivers
v0x563703d513d0_0 .net *"_ivl_91", 5 0, L_0x563703d72690;  1 drivers
L_0x7f42c1e6dd98 .functor BUFT 1, C4<00>, C4<0>, C4<0>, C4<0>;
v0x563703d514b0_0 .net/2u *"_ivl_94", 1 0, L_0x7f42c1e6dd98;  1 drivers
v0x563703d51590_0 .net "_unused", 0 0, L_0x563703d54ae0;  1 drivers
v0x563703d51650_0 .net "cam_addr", 4 0, L_0x563703d5f920;  1 drivers
v0x563703d51710_0 .net "cam_data", 7 0, L_0x563703d736e0;  1 drivers
v0x563703d517e0_0 .net "cam_instr", 5 0, L_0x563703d57f60;  1 drivers
v0x563703d518a0_0 .net "cam_write", 0 0, L_0x563703d73420;  1 drivers
v0x563703d51970_0 .net "clk", 0 0, v0x563703d53060_0;  1 drivers
v0x563703d51a10_0 .net "ctrl", 1 0, L_0x563703d54d90;  1 drivers
v0x563703d51ab0_0 .net "demux_output_1", 23 0, L_0x563703d55730;  1 drivers
v0x563703d51ba0_0 .net "demux_output_2", 23 0, L_0x563703d56fc0;  1 drivers
v0x563703d51c70_0 .net "ena", 0 0, v0x563703d53120_0;  1 drivers
v0x563703d51d40_0 .net "found", 0 0, v0x563703d3d310_0;  1 drivers
v0x563703d51e10_0 .net "i_brent_A", 5 0, L_0x563703d58280;  1 drivers
v0x563703d51ee0_0 .net "i_brent_B", 5 0, L_0x563703d58670;  1 drivers
v0x563703d51fb0_0 .net "i_brent_Cin", 0 0, L_0x563703d593c0;  1 drivers
v0x563703d52290_0 .net "i_demux_1", 5 0, L_0x563703d54bd0;  1 drivers
v0x563703d52330_0 .net "i_demux_2", 5 0, L_0x563703d54cf0;  1 drivers
v0x563703d523d0_0 .net "i_mux", 31 0, L_0x563703d58830;  1 drivers
v0x563703d524a0_0 .net "i_oh_n", 5 0, L_0x563703d58320;  1 drivers
v0x563703d52540_0 .net "i_oh_p", 5 0, L_0x563703d581e0;  1 drivers
v0x563703d52620_0 .net "o_brent", 7 0, L_0x563703d59ce0;  1 drivers
v0x563703d52710_0 .net "o_oh", 7 0, L_0x563703d5f4b0;  1 drivers
v0x563703d527d0_0 .net "output_addr", 4 0, L_0x563703d78c80;  1 drivers
v0x563703d528c0_0 .net "output_cam", 7 0, L_0x563703d77b70;  1 drivers
v0x563703d52980_0 .net "output_vga", 7 0, L_0x563703d60200;  1 drivers
v0x563703d52a70_0 .net "rst_n", 0 0, v0x563703d531e0_0;  1 drivers
v0x563703d52b10_0 .net "ui_in", 7 0, v0x563703d53280_0;  1 drivers
v0x563703d52bd0_0 .net "uio_in", 7 0, v0x563703d53350_0;  1 drivers
v0x563703d52cb0_0 .net "uio_oe", 7 0, L_0x7f42c1e6d060;  alias, 1 drivers
v0x563703d52d90_0 .net "uio_out", 7 0, L_0x7f42c1e6d018;  alias, 1 drivers
v0x563703d52e70_0 .net "uo_out", 7 0, L_0x563703d589c0;  alias, 1 drivers
L_0x563703d53be0 .part v0x563703d53350_0, 6, 1;
L_0x563703d53cd0 .part L_0x563703d581e0, 5, 1;
L_0x563703d53d70 .part L_0x563703d581e0, 4, 1;
L_0x563703d53e90 .part L_0x563703d58320, 5, 1;
L_0x563703d53f90 .part L_0x563703d58320, 4, 1;
L_0x563703d540b0 .concat [ 6 0 0 0], L_0x563703d58000;
L_0x563703d541c0 .reduce/and L_0x563703d540b0;
L_0x563703d542b0 .concat [ 6 0 0 0], L_0x563703d583d0;
L_0x563703d543d0 .reduce/and L_0x563703d542b0;
L_0x563703d544f0 .concat [ 6 0 0 0], L_0x563703d58470;
L_0x563703d54620 .reduce/and L_0x563703d544f0;
LS_0x563703d546f0_0_0 .concat [ 1 1 1 1], L_0x563703d54620, L_0x563703d543d0, L_0x563703d541c0, L_0x563703d53f90;
LS_0x563703d546f0_0_4 .concat [ 1 1 1 1], L_0x563703d53e90, L_0x563703d53d70, L_0x563703d53cd0, L_0x563703d53be0;
LS_0x563703d546f0_0_8 .concat [ 1 0 0 0], v0x563703d53120_0;
L_0x563703d546f0 .concat [ 4 4 1 0], LS_0x563703d546f0_0_0, LS_0x563703d546f0_0_4, LS_0x563703d546f0_0_8;
L_0x563703d54ae0 .reduce/and L_0x563703d546f0;
L_0x563703d54bd0 .part v0x563703d53280_0, 0, 6;
L_0x563703d54cf0 .part v0x563703d53350_0, 0, 6;
L_0x563703d54d90 .part v0x563703d53280_0, 6, 2;
L_0x563703d57f60 .part L_0x563703d58140, 18, 6;
L_0x563703d58000 .part L_0x563703d58140, 12, 6;
L_0x563703d581e0 .part L_0x563703d58140, 6, 6;
L_0x563703d58280 .part L_0x563703d58140, 0, 6;
L_0x563703d583d0 .part L_0x563703d585b0, 18, 6;
L_0x563703d58470 .part L_0x563703d585b0, 12, 6;
L_0x563703d58320 .part L_0x563703d585b0, 6, 6;
L_0x563703d58670 .part L_0x563703d585b0, 0, 6;
L_0x563703d58830 .concat [ 8 8 8 8], L_0x563703d59ce0, L_0x563703d5f4b0, L_0x563703d60200, L_0x563703d77b70;
L_0x563703d593c0 .part v0x563703d53350_0, 7, 1;
L_0x563703d5eb60 .part L_0x563703d581e0, 0, 1;
L_0x563703d5ec00 .part L_0x563703d58320, 0, 1;
L_0x563703d5ef10 .part L_0x563703d581e0, 1, 1;
L_0x563703d5efb0 .part L_0x563703d58320, 1, 1;
L_0x563703d5f370 .part L_0x563703d581e0, 2, 1;
L_0x563703d5f410 .part L_0x563703d58320, 2, 1;
L_0x563703d5f7e0 .part L_0x563703d581e0, 3, 1;
L_0x563703d5f880 .part L_0x563703d58320, 3, 1;
LS_0x563703d5f4b0_0_0 .concat8 [ 1 1 1 1], L_0x563703d5eaa0, L_0x563703d5e990, L_0x563703d5ee50, L_0x563703d5ed90;
LS_0x563703d5f4b0_0_4 .concat8 [ 1 1 1 1], L_0x563703d5f2b0, L_0x563703d5f1a0, L_0x563703d5f720, L_0x563703d5f610;
L_0x563703d5f4b0 .concat8 [ 4 4 0 0], LS_0x563703d5f4b0_0_0, LS_0x563703d5f4b0_0_4;
L_0x563703d73420 .part L_0x563703d72690, 5, 1;
L_0x563703d5f920 .part L_0x563703d72690, 0, 5;
L_0x563703d77b70 .concat [ 5 1 2 0], L_0x563703d78c80, v0x563703d3d310_0, L_0x7f42c1e6dd98;
S_0x563703ca8040 .scope module, "brent" "brent_kung_cin" 3 75, 4 38 0, S_0x563703cbbef0;
 .timescale 0 0;
    .port_info 0 /OUTPUT 8 "output_S";
    .port_info 1 /INPUT 6 "input_A";
    .port_info 2 /INPUT 6 "input_B";
    .port_info 3 /INPUT 1 "Cin";
L_0x563703d59630 .functor AND 1, L_0x563703d58760, L_0x563703d59590, C4<1>, C4<1>;
L_0x563703d59950 .functor AND 1, L_0x563703d596f0, L_0x563703d59820, C4<1>, C4<1>;
L_0x563703d5ae50 .functor BUFZ 1, L_0x563703d593c0, C4<0>, C4<0>, C4<0>;
L_0x563703d5b060 .functor XOR 1, L_0x563703d5aec0, L_0x563703d5af60, C4<0>, C4<0>;
L_0x563703d5b420 .functor XOR 1, L_0x563703d5b5d0, L_0x563703d5b670, C4<0>, C4<0>;
L_0x563703d5c8e0 .functor XOR 1, L_0x563703d5c6d0, L_0x563703d5c9c0, C4<0>, C4<0>;
L_0x563703d5da20 .functor XOR 1, L_0x563703d5dab0, L_0x563703d5d980, C4<0>, C4<0>;
v0x563703d33570_0 .net "A", 3 0, L_0x563703d59b00;  1 drivers
v0x563703d33650_0 .net "B", 3 0, L_0x563703d59bf0;  1 drivers
v0x563703d33720_0 .net "C", 4 0, L_0x563703d5de60;  1 drivers
v0x563703d337f0_0 .net "Cin", 0 0, L_0x563703d593c0;  alias, 1 drivers
v0x563703d338b0_0 .net "GREY_G", 3 0, L_0x563703d5aa90;  1 drivers
v0x563703d339c0_0 .net "GREY_P", 3 0, L_0x563703d5a860;  1 drivers
v0x563703d33a90_0 .net "_ignored", 1 0, L_0x563703d599c0;  1 drivers
v0x563703d33b50_0 .net *"_ivl_1", 0 0, L_0x563703d58760;  1 drivers
v0x563703d33c30_0 .net *"_ivl_10", 0 0, L_0x563703d59950;  1 drivers
v0x563703d33d10_0 .net *"_ivl_115", 0 0, L_0x563703d5dab0;  1 drivers
v0x563703d33df0_0 .net *"_ivl_117", 0 0, L_0x563703d5d980;  1 drivers
v0x563703d33ed0_0 .net *"_ivl_118", 0 0, L_0x563703d5da20;  1 drivers
v0x563703d33fb0_0 .net *"_ivl_133", 0 0, L_0x563703d5e3d0;  1 drivers
L_0x7f42c1e6d0a8 .functor BUFT 1, C4<000>, C4<0>, C4<0>, C4<0>;
v0x563703d34090_0 .net/2u *"_ivl_18", 2 0, L_0x7f42c1e6d0a8;  1 drivers
v0x563703d34170_0 .net *"_ivl_25", 0 0, L_0x563703d5ae50;  1 drivers
v0x563703d34250_0 .net *"_ivl_29", 0 0, L_0x563703d5aec0;  1 drivers
v0x563703d34330_0 .net *"_ivl_3", 0 0, L_0x563703d59590;  1 drivers
v0x563703d34410_0 .net *"_ivl_31", 0 0, L_0x563703d5af60;  1 drivers
v0x563703d344f0_0 .net *"_ivl_32", 0 0, L_0x563703d5b060;  1 drivers
v0x563703d345d0_0 .net *"_ivl_4", 0 0, L_0x563703d59630;  1 drivers
v0x563703d346b0_0 .net *"_ivl_45", 0 0, L_0x563703d5b5d0;  1 drivers
v0x563703d34790_0 .net *"_ivl_47", 0 0, L_0x563703d5b670;  1 drivers
v0x563703d34870_0 .net *"_ivl_48", 0 0, L_0x563703d5b420;  1 drivers
v0x563703d34950_0 .net *"_ivl_7", 0 0, L_0x563703d596f0;  1 drivers
v0x563703d34a30_0 .net *"_ivl_85", 0 0, L_0x563703d5c6d0;  1 drivers
v0x563703d34b10_0 .net *"_ivl_87", 0 0, L_0x563703d5c9c0;  1 drivers
v0x563703d34bf0_0 .net *"_ivl_88", 0 0, L_0x563703d5c8e0;  1 drivers
v0x563703d34cd0_0 .net *"_ivl_9", 0 0, L_0x563703d59820;  1 drivers
v0x563703d34db0_0 .net "black_G", 2 0, L_0x563703d5cf20;  1 drivers
v0x563703d34e90_0 .net "black_P", 2 0, L_0x563703d5cd40;  1 drivers
v0x563703d34f70_0 .net "input_A", 5 0, L_0x563703d58280;  alias, 1 drivers
v0x563703d35050_0 .net "input_B", 5 0, L_0x563703d58670;  alias, 1 drivers
v0x563703d35130_0 .net "out", 4 0, L_0x563703d5e530;  1 drivers
v0x563703d35210_0 .net "output_S", 7 0, L_0x563703d59ce0;  alias, 1 drivers
L_0x563703d58760 .part L_0x563703d58280, 5, 1;
L_0x563703d59590 .part L_0x563703d58670, 5, 1;
L_0x563703d596f0 .part L_0x563703d58280, 4, 1;
L_0x563703d59820 .part L_0x563703d58670, 4, 1;
L_0x563703d599c0 .concat [ 1 1 0 0], L_0x563703d59950, L_0x563703d59630;
L_0x563703d59b00 .part L_0x563703d58280, 0, 4;
L_0x563703d59bf0 .part L_0x563703d58670, 0, 4;
L_0x563703d59ce0 .concat [ 5 3 0 0], L_0x563703d5e530, L_0x7f42c1e6d0a8;
L_0x563703d5aec0 .part L_0x563703d5a860, 0, 1;
L_0x563703d5af60 .part L_0x563703d5de60, 0, 1;
L_0x563703d5b200 .part L_0x563703d5a860, 0, 1;
L_0x563703d5b380 .part L_0x563703d5aa90, 0, 1;
L_0x563703d5b490 .part L_0x563703d5de60, 0, 1;
L_0x563703d5b5d0 .part L_0x563703d5a860, 1, 1;
L_0x563703d5b670 .part L_0x563703d5de60, 1, 1;
L_0x563703d5b9a0 .part L_0x563703d5a860, 1, 1;
L_0x563703d5bad0 .part L_0x563703d5a860, 0, 1;
L_0x563703d5bbc0 .part L_0x563703d5aa90, 1, 1;
L_0x563703d5bde0 .part L_0x563703d5aa90, 0, 1;
L_0x563703d5c000 .part L_0x563703d5a860, 3, 1;
L_0x563703d5bd40 .part L_0x563703d5a860, 2, 1;
L_0x563703d5c2b0 .part L_0x563703d5aa90, 3, 1;
L_0x563703d5c1b0 .part L_0x563703d5aa90, 2, 1;
L_0x563703d5c5e0 .part L_0x563703d5cd40, 0, 1;
L_0x563703d5c3a0 .part L_0x563703d5cf20, 0, 1;
L_0x563703d5c7f0 .part L_0x563703d5de60, 0, 1;
L_0x563703d5c6d0 .part L_0x563703d5a860, 2, 1;
L_0x563703d5c9c0 .part L_0x563703d5de60, 2, 1;
L_0x563703d5cd40 .concat8 [ 1 1 1 0], L_0x563703d5b7b0, L_0x563703d5ba40, L_0x563703d5cb50;
L_0x563703d5cf20 .concat8 [ 1 1 1 0], L_0x563703d5b8e0, L_0x563703d5bf40, L_0x563703d5cc80;
L_0x563703d5ca60 .part L_0x563703d5cd40, 1, 1;
L_0x563703d5d200 .part L_0x563703d5cd40, 0, 1;
L_0x563703d5d100 .part L_0x563703d5cf20, 1, 1;
L_0x563703d5d440 .part L_0x563703d5cf20, 0, 1;
L_0x563703d5d690 .part L_0x563703d5a860, 2, 1;
L_0x563703d5d780 .part L_0x563703d5aa90, 2, 1;
L_0x563703d5d570 .part L_0x563703d5de60, 2, 1;
L_0x563703d5dab0 .part L_0x563703d5a860, 3, 1;
L_0x563703d5d980 .part L_0x563703d5de60, 3, 1;
LS_0x563703d5de60_0_0 .concat8 [ 1 1 1 1], L_0x563703d5ae50, L_0x563703d5b140, L_0x563703d5c520, L_0x563703d5d3a0;
LS_0x563703d5de60_0_4 .concat8 [ 1 0 0 0], L_0x563703d5dda0;
L_0x563703d5de60 .concat8 [ 4 1 0 0], LS_0x563703d5de60_0_0, LS_0x563703d5de60_0_4;
L_0x563703d5db50 .part L_0x563703d5cd40, 2, 1;
L_0x563703d5e330 .part L_0x563703d5cf20, 2, 1;
L_0x563703d5e1e0 .part L_0x563703d5de60, 0, 1;
LS_0x563703d5e530_0_0 .concat8 [ 1 1 1 1], L_0x563703d5b060, L_0x563703d5b420, L_0x563703d5c8e0, L_0x563703d5da20;
LS_0x563703d5e530_0_4 .concat8 [ 1 0 0 0], L_0x563703d5e3d0;
L_0x563703d5e530 .concat8 [ 4 1 0 0], LS_0x563703d5e530_0_0, LS_0x563703d5e530_0_4;
L_0x563703d5e3d0 .part L_0x563703d5de60, 4, 1;
S_0x563703ceb6d0 .scope module, "black_0" "black" 4 69, 4 1 0, S_0x563703ca8040;
 .timescale 0 0;
    .port_info 0 /OUTPUT 1 "P";
    .port_info 1 /OUTPUT 1 "G";
    .port_info 2 /INPUT 1 "Pi";
    .port_info 3 /INPUT 1 "Pj";
    .port_info 4 /INPUT 1 "Gi";
    .port_info 5 /INPUT 1 "Gj";
L_0x563703d5b7b0 .functor AND 1, L_0x563703d5b9a0, L_0x563703d5bad0, C4<1>, C4<1>;
L_0x563703d5b820 .functor AND 1, L_0x563703d5b9a0, L_0x563703d5bde0, C4<1>, C4<1>;
L_0x563703d5b8e0 .functor OR 1, L_0x563703d5bbc0, L_0x563703d5b820, C4<0>, C4<0>;
v0x563703ce6960_0 .net "G", 0 0, L_0x563703d5b8e0;  1 drivers
v0x563703cd4630_0 .net "Gi", 0 0, L_0x563703d5bbc0;  1 drivers
v0x563703cd6ad0_0 .net "Gj", 0 0, L_0x563703d5bde0;  1 drivers
v0x563703cbd2e0_0 .net "P", 0 0, L_0x563703d5b7b0;  1 drivers
v0x563703d2aca0_0 .net "Pi", 0 0, L_0x563703d5b9a0;  1 drivers
v0x563703d2e7c0_0 .net "Pj", 0 0, L_0x563703d5bad0;  1 drivers
v0x563703d2e880_0 .net *"_ivl_2", 0 0, L_0x563703d5b820;  1 drivers
S_0x563703d2ea20 .scope module, "black_1" "black" 4 70, 4 1 0, S_0x563703ca8040;
 .timescale 0 0;
    .port_info 0 /OUTPUT 1 "P";
    .port_info 1 /OUTPUT 1 "G";
    .port_info 2 /INPUT 1 "Pi";
    .port_info 3 /INPUT 1 "Pj";
    .port_info 4 /INPUT 1 "Gi";
    .port_info 5 /INPUT 1 "Gj";
L_0x563703d5ba40 .functor AND 1, L_0x563703d5c000, L_0x563703d5bd40, C4<1>, C4<1>;
L_0x563703d5be80 .functor AND 1, L_0x563703d5c000, L_0x563703d5c1b0, C4<1>, C4<1>;
L_0x563703d5bf40 .functor OR 1, L_0x563703d5c2b0, L_0x563703d5be80, C4<0>, C4<0>;
v0x563703d2ecc0_0 .net "G", 0 0, L_0x563703d5bf40;  1 drivers
v0x563703d2ed80_0 .net "Gi", 0 0, L_0x563703d5c2b0;  1 drivers
v0x563703d2ee40_0 .net "Gj", 0 0, L_0x563703d5c1b0;  1 drivers
v0x563703d2eee0_0 .net "P", 0 0, L_0x563703d5ba40;  1 drivers
v0x563703d2efa0_0 .net "Pi", 0 0, L_0x563703d5c000;  1 drivers
v0x563703d2f0b0_0 .net "Pj", 0 0, L_0x563703d5bd40;  1 drivers
v0x563703d2f170_0 .net *"_ivl_2", 0 0, L_0x563703d5be80;  1 drivers
S_0x563703d2f310 .scope module, "black_4" "black" 4 77, 4 1 0, S_0x563703ca8040;
 .timescale 0 0;
    .port_info 0 /OUTPUT 1 "P";
    .port_info 1 /OUTPUT 1 "G";
    .port_info 2 /INPUT 1 "Pi";
    .port_info 3 /INPUT 1 "Pj";
    .port_info 4 /INPUT 1 "Gi";
    .port_info 5 /INPUT 1 "Gj";
L_0x563703d5cb50 .functor AND 1, L_0x563703d5ca60, L_0x563703d5d200, C4<1>, C4<1>;
L_0x563703d5cbc0 .functor AND 1, L_0x563703d5ca60, L_0x563703d5d440, C4<1>, C4<1>;
L_0x563703d5cc80 .functor OR 1, L_0x563703d5d100, L_0x563703d5cbc0, C4<0>, C4<0>;
v0x563703d2f590_0 .net "G", 0 0, L_0x563703d5cc80;  1 drivers
v0x563703d2f650_0 .net "Gi", 0 0, L_0x563703d5d100;  1 drivers
v0x563703d2f710_0 .net "Gj", 0 0, L_0x563703d5d440;  1 drivers
v0x563703d2f7b0_0 .net "P", 0 0, L_0x563703d5cb50;  1 drivers
v0x563703d2f870_0 .net "Pi", 0 0, L_0x563703d5ca60;  1 drivers
v0x563703d2f980_0 .net "Pj", 0 0, L_0x563703d5d200;  1 drivers
v0x563703d2fa40_0 .net *"_ivl_2", 0 0, L_0x563703d5cbc0;  1 drivers
S_0x563703d2fbe0 .scope module, "green_1" "green" 4 65, 4 19 0, S_0x563703ca8040;
 .timescale 0 0;
    .port_info 0 /OUTPUT 1 "C_out";
    .port_info 1 /INPUT 1 "Pi";
    .port_info 2 /INPUT 1 "Gi";
    .port_info 3 /INPUT 1 "C_in";
L_0x563703d5b0d0 .functor AND 1, L_0x563703d5b200, L_0x563703d5b490, C4<1>, C4<1>;
L_0x563703d5b140 .functor OR 1, L_0x563703d5b380, L_0x563703d5b0d0, C4<0>, C4<0>;
v0x563703d2fdc0_0 .net "C_in", 0 0, L_0x563703d5b490;  1 drivers
v0x563703d2fea0_0 .net "C_out", 0 0, L_0x563703d5b140;  1 drivers
v0x563703d2ff60_0 .net "Gi", 0 0, L_0x563703d5b380;  1 drivers
v0x563703d30000_0 .net "Pi", 0 0, L_0x563703d5b200;  1 drivers
v0x563703d300c0_0 .net *"_ivl_0", 0 0, L_0x563703d5b0d0;  1 drivers
S_0x563703d30270 .scope module, "green_2" "green" 4 73, 4 19 0, S_0x563703ca8040;
 .timescale 0 0;
    .port_info 0 /OUTPUT 1 "C_out";
    .port_info 1 /INPUT 1 "Pi";
    .port_info 2 /INPUT 1 "Gi";
    .port_info 3 /INPUT 1 "C_in";
L_0x563703d5c4b0 .functor AND 1, L_0x563703d5c5e0, L_0x563703d5c7f0, C4<1>, C4<1>;
L_0x563703d5c520 .functor OR 1, L_0x563703d5c3a0, L_0x563703d5c4b0, C4<0>, C4<0>;
v0x563703d304a0_0 .net "C_in", 0 0, L_0x563703d5c7f0;  1 drivers
v0x563703d30580_0 .net "C_out", 0 0, L_0x563703d5c520;  1 drivers
v0x563703d30640_0 .net "Gi", 0 0, L_0x563703d5c3a0;  1 drivers
v0x563703d306e0_0 .net "Pi", 0 0, L_0x563703d5c5e0;  1 drivers
v0x563703d307a0_0 .net *"_ivl_0", 0 0, L_0x563703d5c4b0;  1 drivers
S_0x563703d30950 .scope module, "green_3" "green" 4 80, 4 19 0, S_0x563703ca8040;
 .timescale 0 0;
    .port_info 0 /OUTPUT 1 "C_out";
    .port_info 1 /INPUT 1 "Pi";
    .port_info 2 /INPUT 1 "Gi";
    .port_info 3 /INPUT 1 "C_in";
L_0x563703d5d330 .functor AND 1, L_0x563703d5d690, L_0x563703d5d570, C4<1>, C4<1>;
L_0x563703d5d3a0 .functor OR 1, L_0x563703d5d780, L_0x563703d5d330, C4<0>, C4<0>;
v0x563703d30b30_0 .net "C_in", 0 0, L_0x563703d5d570;  1 drivers
v0x563703d30c10_0 .net "C_out", 0 0, L_0x563703d5d3a0;  1 drivers
v0x563703d30cd0_0 .net "Gi", 0 0, L_0x563703d5d780;  1 drivers
v0x563703d30d70_0 .net "Pi", 0 0, L_0x563703d5d690;  1 drivers
v0x563703d30e30_0 .net *"_ivl_0", 0 0, L_0x563703d5d330;  1 drivers
S_0x563703d30fe0 .scope module, "green_4" "green" 4 82, 4 19 0, S_0x563703ca8040;
 .timescale 0 0;
    .port_info 0 /OUTPUT 1 "C_out";
    .port_info 1 /INPUT 1 "Pi";
    .port_info 2 /INPUT 1 "Gi";
    .port_info 3 /INPUT 1 "C_in";
L_0x563703d5dd30 .functor AND 1, L_0x563703d5db50, L_0x563703d5e1e0, C4<1>, C4<1>;
L_0x563703d5dda0 .functor OR 1, L_0x563703d5e330, L_0x563703d5dd30, C4<0>, C4<0>;
v0x563703d311c0_0 .net "C_in", 0 0, L_0x563703d5e1e0;  1 drivers
v0x563703d312a0_0 .net "C_out", 0 0, L_0x563703d5dda0;  1 drivers
v0x563703d31360_0 .net "Gi", 0 0, L_0x563703d5e330;  1 drivers
v0x563703d31400_0 .net "Pi", 0 0, L_0x563703d5db50;  1 drivers
v0x563703d314c0_0 .net *"_ivl_0", 0 0, L_0x563703d5dd30;  1 drivers
S_0x563703d31670 .scope module, "stage_0_0" "stage_0" 4 59, 4 27 0, S_0x563703ca8040;
 .timescale 0 0;
    .port_info 0 /OUTPUT 4 "P";
    .port_info 1 /OUTPUT 4 "G";
    .port_info 2 /INPUT 4 "A";
    .port_info 3 /INPUT 4 "B";
v0x563703d33140_0 .net "A", 3 0, L_0x563703d59bf0;  alias, 1 drivers
v0x563703d33240_0 .net "B", 3 0, L_0x563703d59b00;  alias, 1 drivers
v0x563703d33320_0 .net "G", 3 0, L_0x563703d5aa90;  alias, 1 drivers
v0x563703d333e0_0 .net "P", 3 0, L_0x563703d5a860;  alias, 1 drivers
L_0x563703d59fa0 .part L_0x563703d59bf0, 0, 1;
L_0x563703d5a040 .part L_0x563703d59b00, 0, 1;
L_0x563703d5a260 .part L_0x563703d59bf0, 1, 1;
L_0x563703d5a390 .part L_0x563703d59b00, 1, 1;
L_0x563703d5a5a0 .part L_0x563703d59bf0, 2, 1;
L_0x563703d5a640 .part L_0x563703d59b00, 2, 1;
L_0x563703d5a860 .concat8 [ 1 1 1 1], L_0x563703d59e20, L_0x563703d5a0e0, L_0x563703d5a4c0, L_0x563703d5a6e0;
L_0x563703d5aa90 .concat8 [ 1 1 1 1], L_0x563703d59e90, L_0x563703d5a150, L_0x563703d5a530, L_0x563703d5a750;
L_0x563703d5ad10 .part L_0x563703d59bf0, 3, 1;
L_0x563703d5adb0 .part L_0x563703d59b00, 3, 1;
S_0x563703d31850 .scope module, "grey_0" "grey" 4 31, 4 10 0, S_0x563703d31670;
 .timescale 0 0;
    .port_info 0 /OUTPUT 1 "P";
    .port_info 1 /OUTPUT 1 "G";
    .port_info 2 /INPUT 1 "A";
    .port_info 3 /INPUT 1 "B";
L_0x563703d59e20 .functor XOR 1, L_0x563703d59fa0, L_0x563703d5a040, C4<0>, C4<0>;
L_0x563703d59e90 .functor AND 1, L_0x563703d59fa0, L_0x563703d5a040, C4<1>, C4<1>;
v0x563703d31ac0_0 .net "A", 0 0, L_0x563703d59fa0;  1 drivers
v0x563703d31ba0_0 .net "B", 0 0, L_0x563703d5a040;  1 drivers
v0x563703d31c60_0 .net "G", 0 0, L_0x563703d59e90;  1 drivers
v0x563703d31d30_0 .net "P", 0 0, L_0x563703d59e20;  1 drivers
S_0x563703d31ea0 .scope module, "grey_1" "grey" 4 32, 4 10 0, S_0x563703d31670;
 .timescale 0 0;
    .port_info 0 /OUTPUT 1 "P";
    .port_info 1 /OUTPUT 1 "G";
    .port_info 2 /INPUT 1 "A";
    .port_info 3 /INPUT 1 "B";
L_0x563703d5a0e0 .functor XOR 1, L_0x563703d5a260, L_0x563703d5a390, C4<0>, C4<0>;
L_0x563703d5a150 .functor AND 1, L_0x563703d5a260, L_0x563703d5a390, C4<1>, C4<1>;
v0x563703d32110_0 .net "A", 0 0, L_0x563703d5a260;  1 drivers
v0x563703d321d0_0 .net "B", 0 0, L_0x563703d5a390;  1 drivers
v0x563703d32290_0 .net "G", 0 0, L_0x563703d5a150;  1 drivers
v0x563703d32360_0 .net "P", 0 0, L_0x563703d5a0e0;  1 drivers
S_0x563703d324d0 .scope module, "grey_2" "grey" 4 33, 4 10 0, S_0x563703d31670;
 .timescale 0 0;
    .port_info 0 /OUTPUT 1 "P";
    .port_info 1 /OUTPUT 1 "G";
    .port_info 2 /INPUT 1 "A";
    .port_info 3 /INPUT 1 "B";
L_0x563703d5a4c0 .functor XOR 1, L_0x563703d5a5a0, L_0x563703d5a640, C4<0>, C4<0>;
L_0x563703d5a530 .functor AND 1, L_0x563703d5a5a0, L_0x563703d5a640, C4<1>, C4<1>;
v0x563703d32750_0 .net "A", 0 0, L_0x563703d5a5a0;  1 drivers
v0x563703d32810_0 .net "B", 0 0, L_0x563703d5a640;  1 drivers
v0x563703d328d0_0 .net "G", 0 0, L_0x563703d5a530;  1 drivers
v0x563703d329a0_0 .net "P", 0 0, L_0x563703d5a4c0;  1 drivers
S_0x563703d32b10 .scope module, "grey_3" "grey" 4 34, 4 10 0, S_0x563703d31670;
 .timescale 0 0;
    .port_info 0 /OUTPUT 1 "P";
    .port_info 1 /OUTPUT 1 "G";
    .port_info 2 /INPUT 1 "A";
    .port_info 3 /INPUT 1 "B";
L_0x563703d5a6e0 .functor XOR 1, L_0x563703d5ad10, L_0x563703d5adb0, C4<0>, C4<0>;
L_0x563703d5a750 .functor AND 1, L_0x563703d5ad10, L_0x563703d5adb0, C4<1>, C4<1>;
v0x563703d32d60_0 .net "A", 0 0, L_0x563703d5ad10;  1 drivers
v0x563703d32e40_0 .net "B", 0 0, L_0x563703d5adb0;  1 drivers
v0x563703d32f00_0 .net "G", 0 0, L_0x563703d5a750;  1 drivers
v0x563703d32fd0_0 .net "P", 0 0, L_0x563703d5a6e0;  1 drivers
S_0x563703d353a0 .scope module, "cam" "cam" 3 108, 5 1 0, S_0x563703cbbef0;
 .timescale 0 0;
    .port_info 0 /OUTPUT 5 "out";
    .port_info 1 /OUTPUT 1 "found";
    .port_info 2 /INPUT 1 "clk";
    .port_info 3 /INPUT 1 "enable";
    .port_info 4 /INPUT 1 "rst_n";
    .port_info 5 /INPUT 1 "write";
    .port_info 6 /INPUT 5 "addr";
    .port_info 7 /INPUT 8 "data";
P_0x563703d0f000 .param/l "NB_MEM" 0 5 11, +C4<00000000000000000000000000010000>;
P_0x563703d0f040 .param/l "SIZE_ADDR" 0 5 12, +C4<00000000000000000000000000000100>;
L_0x563703d76080 .functor OR 4, L_0x563703d738e0, L_0x563703d73d50, C4<0000>, C4<0000>;
L_0x563703d77c60 .functor OR 4, L_0x563703d76080, L_0x563703d74020, C4<0000>, C4<0000>;
L_0x563703d77d70 .functor OR 4, L_0x563703d77c60, L_0x563703d742f0, C4<0000>, C4<0000>;
L_0x563703d77e80 .functor OR 4, L_0x563703d77d70, L_0x563703d74570, C4<0000>, C4<0000>;
L_0x563703d77f90 .functor OR 4, L_0x563703d77e80, L_0x563703d74950, C4<0000>, C4<0000>;
L_0x563703d780a0 .functor OR 4, L_0x563703d77f90, L_0x563703d74c50, C4<0000>, C4<0000>;
L_0x563703d781b0 .functor OR 4, L_0x563703d780a0, L_0x563703d75140, C4<0000>, C4<0000>;
L_0x563703d782c0 .functor OR 4, L_0x563703d781b0, L_0x563703d754a0, C4<0000>, C4<0000>;
L_0x563703d78420 .functor OR 4, L_0x563703d782c0, L_0x563703d75a70, C4<0000>, C4<0000>;
L_0x563703d78530 .functor OR 4, L_0x563703d78420, L_0x563703d75d80, C4<0000>, C4<0000>;
L_0x563703d78640 .functor OR 4, L_0x563703d78530, L_0x563703d76150, C4<0000>, C4<0000>;
L_0x563703d78700 .functor OR 4, L_0x563703d78640, L_0x563703d764b0, C4<0000>, C4<0000>;
L_0x563703d78880 .functor OR 4, L_0x563703d78700, L_0x563703d76aa0, C4<0000>, C4<0000>;
L_0x563703d78990 .functor OR 4, L_0x563703d78880, L_0x563703d76e00, C4<0000>, C4<0000>;
L_0x563703d78810 .functor OR 4, L_0x563703d78990, L_0x563703d77940, C4<0000>, C4<0000>;
v0x563703d3bc60_0 .net "_ignore", 0 0, L_0x563703d77ad0;  1 drivers
L_0x7f42c1e6dd50 .functor BUFT 1, C4<0>, C4<0>, C4<0>, C4<0>;
v0x563703d3bd40_0 .net/2u *"_ivl_101", 0 0, L_0x7f42c1e6dd50;  1 drivers
L_0x7f42c1e6dd08 .functor BUFT 1, C4<0000>, C4<0>, C4<0>, C4<0>;
v0x563703d3be20_0 .net/2u *"_ivl_51", 3 0, L_0x7f42c1e6dd08;  1 drivers
v0x563703d3bf10_0 .net *"_ivl_55", 3 0, L_0x563703d76080;  1 drivers
v0x563703d3bff0_0 .net *"_ivl_58", 3 0, L_0x563703d77c60;  1 drivers
v0x563703d3c120_0 .net *"_ivl_61", 3 0, L_0x563703d77d70;  1 drivers
v0x563703d3c200_0 .net *"_ivl_64", 3 0, L_0x563703d77e80;  1 drivers
v0x563703d3c2e0_0 .net *"_ivl_67", 3 0, L_0x563703d77f90;  1 drivers
v0x563703d3c3c0_0 .net *"_ivl_70", 3 0, L_0x563703d780a0;  1 drivers
v0x563703d3c530_0 .net *"_ivl_73", 3 0, L_0x563703d781b0;  1 drivers
v0x563703d3c610_0 .net *"_ivl_76", 3 0, L_0x563703d782c0;  1 drivers
v0x563703d3c6f0_0 .net *"_ivl_79", 3 0, L_0x563703d78420;  1 drivers
v0x563703d3c7d0_0 .net *"_ivl_82", 3 0, L_0x563703d78530;  1 drivers
v0x563703d3c8b0_0 .net *"_ivl_85", 3 0, L_0x563703d78640;  1 drivers
v0x563703d3c990_0 .net *"_ivl_88", 3 0, L_0x563703d78700;  1 drivers
v0x563703d3ca70_0 .net *"_ivl_91", 3 0, L_0x563703d78880;  1 drivers
v0x563703d3cb50_0 .net *"_ivl_94", 3 0, L_0x563703d78990;  1 drivers
v0x563703d3cc30_0 .net *"_ivl_97", 3 0, L_0x563703d78810;  1 drivers
v0x563703d3cd10_0 .net "addr", 4 0, L_0x563703d5f920;  alias, 1 drivers
v0x563703d3cdf0 .array "addr_out", 15 0;
v0x563703d3cdf0_0 .net v0x563703d3cdf0 0, 3 0, L_0x563703d738e0; 1 drivers
v0x563703d3cdf0_1 .net v0x563703d3cdf0 1, 3 0, L_0x563703d73d50; 1 drivers
v0x563703d3cdf0_2 .net v0x563703d3cdf0 2, 3 0, L_0x563703d74020; 1 drivers
v0x563703d3cdf0_3 .net v0x563703d3cdf0 3, 3 0, L_0x563703d742f0; 1 drivers
v0x563703d3cdf0_4 .net v0x563703d3cdf0 4, 3 0, L_0x563703d74570; 1 drivers
v0x563703d3cdf0_5 .net v0x563703d3cdf0 5, 3 0, L_0x563703d74950; 1 drivers
v0x563703d3cdf0_6 .net v0x563703d3cdf0 6, 3 0, L_0x563703d74c50; 1 drivers
v0x563703d3cdf0_7 .net v0x563703d3cdf0 7, 3 0, L_0x563703d75140; 1 drivers
v0x563703d3cdf0_8 .net v0x563703d3cdf0 8, 3 0, L_0x563703d754a0; 1 drivers
v0x563703d3cdf0_9 .net v0x563703d3cdf0 9, 3 0, L_0x563703d75a70; 1 drivers
v0x563703d3cdf0_10 .net v0x563703d3cdf0 10, 3 0, L_0x563703d75d80; 1 drivers
v0x563703d3cdf0_11 .net v0x563703d3cdf0 11, 3 0, L_0x563703d76150; 1 drivers
v0x563703d3cdf0_12 .net v0x563703d3cdf0 12, 3 0, L_0x563703d764b0; 1 drivers
v0x563703d3cdf0_13 .net v0x563703d3cdf0 13, 3 0, L_0x563703d76aa0; 1 drivers
v0x563703d3cdf0_14 .net v0x563703d3cdf0 14, 3 0, L_0x563703d76e00; 1 drivers
v0x563703d3cdf0_15 .net v0x563703d3cdf0 15, 3 0, L_0x563703d77940; 1 drivers
v0x563703d3d0b0_0 .net "clk", 0 0, v0x563703d53060_0;  alias, 1 drivers
v0x563703d3d170_0 .net "data", 7 0, L_0x563703d736e0;  alias, 1 drivers
v0x563703d3d250_0 .net "enable", 0 0, v0x563703d53120_0;  alias, 1 drivers
v0x563703d3d310_0 .var "found", 0 0;
v0x563703d3d3d0_0 .net "match", 15 0, L_0x563703d76fc0;  1 drivers
v0x563703d3d4b0 .array "mem", 15 0, 7 0;
v0x563703d3d800_0 .net "out", 4 0, L_0x563703d78c80;  alias, 1 drivers
v0x563703d3d8e0_0 .net "ret", 3 0, L_0x563703d78b40;  1 drivers
v0x563703d3d9c0_0 .net "rst_n", 0 0, v0x563703d531e0_0;  alias, 1 drivers
v0x563703d3da80_0 .net "write", 0 0, L_0x563703d73420;  alias, 1 drivers
E_0x563703c3b0d0/0 .event negedge, v0x563703d3d9c0_0;
E_0x563703c3b0d0/1 .event posedge, v0x563703d3d0b0_0;
E_0x563703c3b0d0 .event/or E_0x563703c3b0d0/0, E_0x563703c3b0d0/1;
L_0x563703d73840 .part L_0x563703d76fc0, 0, 1;
L_0x563703d73ba0 .part L_0x563703d76fc0, 1, 1;
L_0x563703d73f80 .part L_0x563703d76fc0, 2, 1;
L_0x563703d74250 .part L_0x563703d76fc0, 3, 1;
L_0x563703d744d0 .part L_0x563703d76fc0, 4, 1;
L_0x563703d748b0 .part L_0x563703d76fc0, 5, 1;
L_0x563703d74b80 .part L_0x563703d76fc0, 6, 1;
L_0x563703d74eb0 .part L_0x563703d76fc0, 7, 1;
L_0x563703d753a0 .part L_0x563703d76fc0, 8, 1;
L_0x563703d75700 .part L_0x563703d76fc0, 9, 1;
L_0x563703d75c80 .part L_0x563703d76fc0, 10, 1;
L_0x563703d75fe0 .part L_0x563703d76fc0, 11, 1;
L_0x563703d763b0 .part L_0x563703d76fc0, 12, 1;
L_0x563703d76920 .part L_0x563703d76fc0, 13, 1;
L_0x563703d76d00 .part L_0x563703d76fc0, 14, 1;
LS_0x563703d76fc0_0_0 .concat8 [ 1 1 1 1], L_0x563703d737a0, L_0x563703d73a70, L_0x563703d73ee0, L_0x563703d741b0;
LS_0x563703d76fc0_0_4 .concat8 [ 1 1 1 1], L_0x563703d74430, L_0x563703d74700, L_0x563703d74ae0, L_0x563703d74e10;
LS_0x563703d76fc0_0_8 .concat8 [ 1 1 1 1], L_0x563703d75300, L_0x563703d75660, L_0x563703d75be0, L_0x563703d75f40;
LS_0x563703d76fc0_0_12 .concat8 [ 1 1 1 1], L_0x563703d76310, L_0x563703d76670, L_0x563703d76c60, L_0x563703d777b0;
L_0x563703d76fc0 .concat8 [ 4 4 4 4], LS_0x563703d76fc0_0_0, LS_0x563703d76fc0_0_4, LS_0x563703d76fc0_0_8, LS_0x563703d76fc0_0_12;
L_0x563703d778a0 .part L_0x563703d76fc0, 15, 1;
L_0x563703d77ad0 .part L_0x563703d5f920, 4, 1;
L_0x563703d78b40 .functor MUXZ 4, L_0x563703d78810, L_0x7f42c1e6dd08, L_0x563703d73420, C4<>;
L_0x563703d78c80 .concat [ 4 1 0 0], L_0x563703d78b40, L_0x7f42c1e6dd50;
S_0x563703d35760 .scope generate, "gen_match[0]" "gen_match[0]" 5 25, 5 25 0, S_0x563703d353a0;
 .timescale 0 0;
P_0x563703d35980 .param/l "i" 1 5 25, +C4<00>;
v0x563703d35a60_0 .net *"_ivl_1", 0 0, L_0x563703d737a0;  1 drivers
v0x563703d35b20_0 .net *"_ivl_4", 0 0, L_0x563703d73840;  1 drivers
L_0x7f42c1e6d408 .functor BUFT 1, C4<0000>, C4<0>, C4<0>, C4<0>;
v0x563703d35c00_0 .net/2u *"_ivl_5", 3 0, L_0x7f42c1e6d408;  1 drivers
L_0x7f42c1e6d450 .functor BUFT 1, C4<0000>, C4<0>, C4<0>, C4<0>;
v0x563703d35cf0_0 .net/2u *"_ivl_7", 3 0, L_0x7f42c1e6d450;  1 drivers
v0x563703d3d4b0_0 .array/port v0x563703d3d4b0, 0;
L_0x563703d737a0 .cmp/eq 8, v0x563703d3d4b0_0, L_0x563703d736e0;
L_0x563703d738e0 .functor MUXZ 4, L_0x7f42c1e6d450, L_0x7f42c1e6d408, L_0x563703d73840, C4<>;
S_0x563703d35dd0 .scope generate, "gen_match[1]" "gen_match[1]" 5 25, 5 25 0, S_0x563703d353a0;
 .timescale 0 0;
P_0x563703d35ff0 .param/l "i" 1 5 25, +C4<01>;
v0x563703d360b0_0 .net *"_ivl_1", 0 0, L_0x563703d73a70;  1 drivers
v0x563703d36170_0 .net *"_ivl_4", 0 0, L_0x563703d73ba0;  1 drivers
L_0x7f42c1e6d498 .functor BUFT 1, C4<0001>, C4<0>, C4<0>, C4<0>;
v0x563703d36250_0 .net/2u *"_ivl_5", 3 0, L_0x7f42c1e6d498;  1 drivers
L_0x7f42c1e6d4e0 .functor BUFT 1, C4<0000>, C4<0>, C4<0>, C4<0>;
v0x563703d36340_0 .net/2u *"_ivl_7", 3 0, L_0x7f42c1e6d4e0;  1 drivers
v0x563703d3d4b0_1 .array/port v0x563703d3d4b0, 1;
L_0x563703d73a70 .cmp/eq 8, v0x563703d3d4b0_1, L_0x563703d736e0;
L_0x563703d73d50 .functor MUXZ 4, L_0x7f42c1e6d4e0, L_0x7f42c1e6d498, L_0x563703d73ba0, C4<>;
S_0x563703d36420 .scope generate, "gen_match[2]" "gen_match[2]" 5 25, 5 25 0, S_0x563703d353a0;
 .timescale 0 0;
P_0x563703d36650 .param/l "i" 1 5 25, +C4<010>;
v0x563703d36710_0 .net *"_ivl_1", 0 0, L_0x563703d73ee0;  1 drivers
v0x563703d367d0_0 .net *"_ivl_4", 0 0, L_0x563703d73f80;  1 drivers
L_0x7f42c1e6d528 .functor BUFT 1, C4<0010>, C4<0>, C4<0>, C4<0>;
v0x563703d368b0_0 .net/2u *"_ivl_5", 3 0, L_0x7f42c1e6d528;  1 drivers
L_0x7f42c1e6d570 .functor BUFT 1, C4<0000>, C4<0>, C4<0>, C4<0>;
v0x563703d369a0_0 .net/2u *"_ivl_7", 3 0, L_0x7f42c1e6d570;  1 drivers
v0x563703d3d4b0_2 .array/port v0x563703d3d4b0, 2;
L_0x563703d73ee0 .cmp/eq 8, v0x563703d3d4b0_2, L_0x563703d736e0;
L_0x563703d74020 .functor MUXZ 4, L_0x7f42c1e6d570, L_0x7f42c1e6d528, L_0x563703d73f80, C4<>;
S_0x563703d36a80 .scope generate, "gen_match[3]" "gen_match[3]" 5 25, 5 25 0, S_0x563703d353a0;
 .timescale 0 0;
P_0x563703d36c80 .param/l "i" 1 5 25, +C4<011>;
v0x563703d36d60_0 .net *"_ivl_1", 0 0, L_0x563703d741b0;  1 drivers
v0x563703d36e20_0 .net *"_ivl_4", 0 0, L_0x563703d74250;  1 drivers
L_0x7f42c1e6d5b8 .functor BUFT 1, C4<0011>, C4<0>, C4<0>, C4<0>;
v0x563703d36f00_0 .net/2u *"_ivl_5", 3 0, L_0x7f42c1e6d5b8;  1 drivers
L_0x7f42c1e6d600 .functor BUFT 1, C4<0000>, C4<0>, C4<0>, C4<0>;
v0x563703d36ff0_0 .net/2u *"_ivl_7", 3 0, L_0x7f42c1e6d600;  1 drivers
v0x563703d3d4b0_3 .array/port v0x563703d3d4b0, 3;
L_0x563703d741b0 .cmp/eq 8, v0x563703d3d4b0_3, L_0x563703d736e0;
L_0x563703d742f0 .functor MUXZ 4, L_0x7f42c1e6d600, L_0x7f42c1e6d5b8, L_0x563703d74250, C4<>;
S_0x563703d370d0 .scope generate, "gen_match[4]" "gen_match[4]" 5 25, 5 25 0, S_0x563703d353a0;
 .timescale 0 0;
P_0x563703d37320 .param/l "i" 1 5 25, +C4<0100>;
v0x563703d37400_0 .net *"_ivl_1", 0 0, L_0x563703d74430;  1 drivers
v0x563703d374c0_0 .net *"_ivl_4", 0 0, L_0x563703d744d0;  1 drivers
L_0x7f42c1e6d648 .functor BUFT 1, C4<0100>, C4<0>, C4<0>, C4<0>;
v0x563703d375a0_0 .net/2u *"_ivl_5", 3 0, L_0x7f42c1e6d648;  1 drivers
L_0x7f42c1e6d690 .functor BUFT 1, C4<0000>, C4<0>, C4<0>, C4<0>;
v0x563703d37660_0 .net/2u *"_ivl_7", 3 0, L_0x7f42c1e6d690;  1 drivers
v0x563703d3d4b0_4 .array/port v0x563703d3d4b0, 4;
L_0x563703d74430 .cmp/eq 8, v0x563703d3d4b0_4, L_0x563703d736e0;
L_0x563703d74570 .functor MUXZ 4, L_0x7f42c1e6d690, L_0x7f42c1e6d648, L_0x563703d744d0, C4<>;
S_0x563703d37740 .scope generate, "gen_match[5]" "gen_match[5]" 5 25, 5 25 0, S_0x563703d353a0;
 .timescale 0 0;
P_0x563703d37940 .param/l "i" 1 5 25, +C4<0101>;
v0x563703d37a20_0 .net *"_ivl_1", 0 0, L_0x563703d74700;  1 drivers
v0x563703d37ae0_0 .net *"_ivl_4", 0 0, L_0x563703d748b0;  1 drivers
L_0x7f42c1e6d6d8 .functor BUFT 1, C4<0101>, C4<0>, C4<0>, C4<0>;
v0x563703d37bc0_0 .net/2u *"_ivl_5", 3 0, L_0x7f42c1e6d6d8;  1 drivers
L_0x7f42c1e6d720 .functor BUFT 1, C4<0000>, C4<0>, C4<0>, C4<0>;
v0x563703d37cb0_0 .net/2u *"_ivl_7", 3 0, L_0x7f42c1e6d720;  1 drivers
v0x563703d3d4b0_5 .array/port v0x563703d3d4b0, 5;
L_0x563703d74700 .cmp/eq 8, v0x563703d3d4b0_5, L_0x563703d736e0;
L_0x563703d74950 .functor MUXZ 4, L_0x7f42c1e6d720, L_0x7f42c1e6d6d8, L_0x563703d748b0, C4<>;
S_0x563703d37d90 .scope generate, "gen_match[6]" "gen_match[6]" 5 25, 5 25 0, S_0x563703d353a0;
 .timescale 0 0;
P_0x563703d37f90 .param/l "i" 1 5 25, +C4<0110>;
v0x563703d38070_0 .net *"_ivl_1", 0 0, L_0x563703d74ae0;  1 drivers
v0x563703d38130_0 .net *"_ivl_4", 0 0, L_0x563703d74b80;  1 drivers
L_0x7f42c1e6d768 .functor BUFT 1, C4<0110>, C4<0>, C4<0>, C4<0>;
v0x563703d38210_0 .net/2u *"_ivl_5", 3 0, L_0x7f42c1e6d768;  1 drivers
L_0x7f42c1e6d7b0 .functor BUFT 1, C4<0000>, C4<0>, C4<0>, C4<0>;
v0x563703d38300_0 .net/2u *"_ivl_7", 3 0, L_0x7f42c1e6d7b0;  1 drivers
v0x563703d3d4b0_6 .array/port v0x563703d3d4b0, 6;
L_0x563703d74ae0 .cmp/eq 8, v0x563703d3d4b0_6, L_0x563703d736e0;
L_0x563703d74c50 .functor MUXZ 4, L_0x7f42c1e6d7b0, L_0x7f42c1e6d768, L_0x563703d74b80, C4<>;
S_0x563703d383e0 .scope generate, "gen_match[7]" "gen_match[7]" 5 25, 5 25 0, S_0x563703d353a0;
 .timescale 0 0;
P_0x563703d385e0 .param/l "i" 1 5 25, +C4<0111>;
v0x563703d386c0_0 .net *"_ivl_1", 0 0, L_0x563703d74e10;  1 drivers
v0x563703d38780_0 .net *"_ivl_4", 0 0, L_0x563703d74eb0;  1 drivers
L_0x7f42c1e6d7f8 .functor BUFT 1, C4<0111>, C4<0>, C4<0>, C4<0>;
v0x563703d38860_0 .net/2u *"_ivl_5", 3 0, L_0x7f42c1e6d7f8;  1 drivers
L_0x7f42c1e6d840 .functor BUFT 1, C4<0000>, C4<0>, C4<0>, C4<0>;
v0x563703d38950_0 .net/2u *"_ivl_7", 3 0, L_0x7f42c1e6d840;  1 drivers
v0x563703d3d4b0_7 .array/port v0x563703d3d4b0, 7;
L_0x563703d74e10 .cmp/eq 8, v0x563703d3d4b0_7, L_0x563703d736e0;
L_0x563703d75140 .functor MUXZ 4, L_0x7f42c1e6d840, L_0x7f42c1e6d7f8, L_0x563703d74eb0, C4<>;
S_0x563703d38a30 .scope generate, "gen_match[8]" "gen_match[8]" 5 25, 5 25 0, S_0x563703d353a0;
 .timescale 0 0;
P_0x563703d372d0 .param/l "i" 1 5 25, +C4<01000>;
v0x563703d38cc0_0 .net *"_ivl_1", 0 0, L_0x563703d75300;  1 drivers
v0x563703d38d80_0 .net *"_ivl_4", 0 0, L_0x563703d753a0;  1 drivers
L_0x7f42c1e6d888 .functor BUFT 1, C4<1000>, C4<0>, C4<0>, C4<0>;
v0x563703d38e60_0 .net/2u *"_ivl_5", 3 0, L_0x7f42c1e6d888;  1 drivers
L_0x7f42c1e6d8d0 .functor BUFT 1, C4<0000>, C4<0>, C4<0>, C4<0>;
v0x563703d38f50_0 .net/2u *"_ivl_7", 3 0, L_0x7f42c1e6d8d0;  1 drivers
v0x563703d3d4b0_8 .array/port v0x563703d3d4b0, 8;
L_0x563703d75300 .cmp/eq 8, v0x563703d3d4b0_8, L_0x563703d736e0;
L_0x563703d754a0 .functor MUXZ 4, L_0x7f42c1e6d8d0, L_0x7f42c1e6d888, L_0x563703d753a0, C4<>;
S_0x563703d39030 .scope generate, "gen_match[9]" "gen_match[9]" 5 25, 5 25 0, S_0x563703d353a0;
 .timescale 0 0;
P_0x563703d39230 .param/l "i" 1 5 25, +C4<01001>;
v0x563703d39310_0 .net *"_ivl_1", 0 0, L_0x563703d75660;  1 drivers
v0x563703d393d0_0 .net *"_ivl_4", 0 0, L_0x563703d75700;  1 drivers
L_0x7f42c1e6d918 .functor BUFT 1, C4<1001>, C4<0>, C4<0>, C4<0>;
v0x563703d394b0_0 .net/2u *"_ivl_5", 3 0, L_0x7f42c1e6d918;  1 drivers
L_0x7f42c1e6d960 .functor BUFT 1, C4<0000>, C4<0>, C4<0>, C4<0>;
v0x563703d395a0_0 .net/2u *"_ivl_7", 3 0, L_0x7f42c1e6d960;  1 drivers
v0x563703d3d4b0_9 .array/port v0x563703d3d4b0, 9;
L_0x563703d75660 .cmp/eq 8, v0x563703d3d4b0_9, L_0x563703d736e0;
L_0x563703d75a70 .functor MUXZ 4, L_0x7f42c1e6d960, L_0x7f42c1e6d918, L_0x563703d75700, C4<>;
S_0x563703d39680 .scope generate, "gen_match[10]" "gen_match[10]" 5 25, 5 25 0, S_0x563703d353a0;
 .timescale 0 0;
P_0x563703d39880 .param/l "i" 1 5 25, +C4<01010>;
v0x563703d39960_0 .net *"_ivl_1", 0 0, L_0x563703d75be0;  1 drivers
v0x563703d39a20_0 .net *"_ivl_4", 0 0, L_0x563703d75c80;  1 drivers
L_0x7f42c1e6d9a8 .functor BUFT 1, C4<1010>, C4<0>, C4<0>, C4<0>;
v0x563703d39b00_0 .net/2u *"_ivl_5", 3 0, L_0x7f42c1e6d9a8;  1 drivers
L_0x7f42c1e6d9f0 .functor BUFT 1, C4<0000>, C4<0>, C4<0>, C4<0>;
v0x563703d39bf0_0 .net/2u *"_ivl_7", 3 0, L_0x7f42c1e6d9f0;  1 drivers
v0x563703d3d4b0_10 .array/port v0x563703d3d4b0, 10;
L_0x563703d75be0 .cmp/eq 8, v0x563703d3d4b0_10, L_0x563703d736e0;
L_0x563703d75d80 .functor MUXZ 4, L_0x7f42c1e6d9f0, L_0x7f42c1e6d9a8, L_0x563703d75c80, C4<>;
S_0x563703d39cd0 .scope generate, "gen_match[11]" "gen_match[11]" 5 25, 5 25 0, S_0x563703d353a0;
 .timescale 0 0;
P_0x563703d39ed0 .param/l "i" 1 5 25, +C4<01011>;
v0x563703d39fb0_0 .net *"_ivl_1", 0 0, L_0x563703d75f40;  1 drivers
v0x563703d3a070_0 .net *"_ivl_4", 0 0, L_0x563703d75fe0;  1 drivers
L_0x7f42c1e6da38 .functor BUFT 1, C4<1011>, C4<0>, C4<0>, C4<0>;
v0x563703d3a150_0 .net/2u *"_ivl_5", 3 0, L_0x7f42c1e6da38;  1 drivers
L_0x7f42c1e6da80 .functor BUFT 1, C4<0000>, C4<0>, C4<0>, C4<0>;
v0x563703d3a240_0 .net/2u *"_ivl_7", 3 0, L_0x7f42c1e6da80;  1 drivers
v0x563703d3d4b0_11 .array/port v0x563703d3d4b0, 11;
L_0x563703d75f40 .cmp/eq 8, v0x563703d3d4b0_11, L_0x563703d736e0;
L_0x563703d76150 .functor MUXZ 4, L_0x7f42c1e6da80, L_0x7f42c1e6da38, L_0x563703d75fe0, C4<>;
S_0x563703d3a320 .scope generate, "gen_match[12]" "gen_match[12]" 5 25, 5 25 0, S_0x563703d353a0;
 .timescale 0 0;
P_0x563703d3a520 .param/l "i" 1 5 25, +C4<01100>;
v0x563703d3a600_0 .net *"_ivl_1", 0 0, L_0x563703d76310;  1 drivers
v0x563703d3a6c0_0 .net *"_ivl_4", 0 0, L_0x563703d763b0;  1 drivers
L_0x7f42c1e6dac8 .functor BUFT 1, C4<1100>, C4<0>, C4<0>, C4<0>;
v0x563703d3a7a0_0 .net/2u *"_ivl_5", 3 0, L_0x7f42c1e6dac8;  1 drivers
L_0x7f42c1e6db10 .functor BUFT 1, C4<0000>, C4<0>, C4<0>, C4<0>;
v0x563703d3a890_0 .net/2u *"_ivl_7", 3 0, L_0x7f42c1e6db10;  1 drivers
v0x563703d3d4b0_12 .array/port v0x563703d3d4b0, 12;
L_0x563703d76310 .cmp/eq 8, v0x563703d3d4b0_12, L_0x563703d736e0;
L_0x563703d764b0 .functor MUXZ 4, L_0x7f42c1e6db10, L_0x7f42c1e6dac8, L_0x563703d763b0, C4<>;
S_0x563703d3a970 .scope generate, "gen_match[13]" "gen_match[13]" 5 25, 5 25 0, S_0x563703d353a0;
 .timescale 0 0;
P_0x563703d3ab70 .param/l "i" 1 5 25, +C4<01101>;
v0x563703d3ac50_0 .net *"_ivl_1", 0 0, L_0x563703d76670;  1 drivers
v0x563703d3ad10_0 .net *"_ivl_4", 0 0, L_0x563703d76920;  1 drivers
L_0x7f42c1e6db58 .functor BUFT 1, C4<1101>, C4<0>, C4<0>, C4<0>;
v0x563703d3adf0_0 .net/2u *"_ivl_5", 3 0, L_0x7f42c1e6db58;  1 drivers
L_0x7f42c1e6dba0 .functor BUFT 1, C4<0000>, C4<0>, C4<0>, C4<0>;
v0x563703d3aee0_0 .net/2u *"_ivl_7", 3 0, L_0x7f42c1e6dba0;  1 drivers
v0x563703d3d4b0_13 .array/port v0x563703d3d4b0, 13;
L_0x563703d76670 .cmp/eq 8, v0x563703d3d4b0_13, L_0x563703d736e0;
L_0x563703d76aa0 .functor MUXZ 4, L_0x7f42c1e6dba0, L_0x7f42c1e6db58, L_0x563703d76920, C4<>;
S_0x563703d3afc0 .scope generate, "gen_match[14]" "gen_match[14]" 5 25, 5 25 0, S_0x563703d353a0;
 .timescale 0 0;
P_0x563703d3b1c0 .param/l "i" 1 5 25, +C4<01110>;
v0x563703d3b2a0_0 .net *"_ivl_1", 0 0, L_0x563703d76c60;  1 drivers
v0x563703d3b360_0 .net *"_ivl_4", 0 0, L_0x563703d76d00;  1 drivers
L_0x7f42c1e6dbe8 .functor BUFT 1, C4<1110>, C4<0>, C4<0>, C4<0>;
v0x563703d3b440_0 .net/2u *"_ivl_5", 3 0, L_0x7f42c1e6dbe8;  1 drivers
L_0x7f42c1e6dc30 .functor BUFT 1, C4<0000>, C4<0>, C4<0>, C4<0>;
v0x563703d3b530_0 .net/2u *"_ivl_7", 3 0, L_0x7f42c1e6dc30;  1 drivers
v0x563703d3d4b0_14 .array/port v0x563703d3d4b0, 14;
L_0x563703d76c60 .cmp/eq 8, v0x563703d3d4b0_14, L_0x563703d736e0;
L_0x563703d76e00 .functor MUXZ 4, L_0x7f42c1e6dc30, L_0x7f42c1e6dbe8, L_0x563703d76d00, C4<>;
S_0x563703d3b610 .scope generate, "gen_match[15]" "gen_match[15]" 5 25, 5 25 0, S_0x563703d353a0;
 .timescale 0 0;
P_0x563703d3b810 .param/l "i" 1 5 25, +C4<01111>;
v0x563703d3b8f0_0 .net *"_ivl_1", 0 0, L_0x563703d777b0;  1 drivers
v0x563703d3b9b0_0 .net *"_ivl_4", 0 0, L_0x563703d778a0;  1 drivers
L_0x7f42c1e6dc78 .functor BUFT 1, C4<1111>, C4<0>, C4<0>, C4<0>;
v0x563703d3ba90_0 .net/2u *"_ivl_5", 3 0, L_0x7f42c1e6dc78;  1 drivers
L_0x7f42c1e6dcc0 .functor BUFT 1, C4<0000>, C4<0>, C4<0>, C4<0>;
v0x563703d3bb80_0 .net/2u *"_ivl_7", 3 0, L_0x7f42c1e6dcc0;  1 drivers
v0x563703d3d4b0_15 .array/port v0x563703d3d4b0, 15;
L_0x563703d777b0 .cmp/eq 8, v0x563703d3d4b0_15, L_0x563703d736e0;
L_0x563703d77940 .functor MUXZ 4, L_0x7f42c1e6dcc0, L_0x7f42c1e6dc78, L_0x563703d778a0, C4<>;
S_0x563703d3dc40 .scope module, "fourhalt_latch" "onehalf_latch" 3 89, 6 23 0, S_0x563703cbbef0;
 .timescale 0 0;
    .port_info 0 /INPUT 1 "clk";
    .port_info 1 /INPUT 1 "in_p";
    .port_info 2 /INPUT 1 "in_n";
    .port_info 3 /OUTPUT 1 "out_p";
    .port_info 4 /OUTPUT 1 "out_n";
L_0x563703d5f050 .functor AND 1, v0x563703d3e4b0_0, v0x563703d3e3f0_0, C4<1>, C4<1>;
L_0x563703d5f0c0 .functor NOT 1, L_0x563703d5f050, C4<0>, C4<0>, C4<0>;
L_0x563703d5f610 .functor AND 1, v0x563703d3e4b0_0, L_0x563703d5f0c0, C4<1>, C4<1>;
L_0x563703d5f720 .functor AND 1, v0x563703d3e3f0_0, L_0x563703d5f0c0, C4<1>, C4<1>;
v0x563703d3de20_0 .net *"_ivl_0", 0 0, L_0x563703d5f050;  1 drivers
v0x563703d3df20_0 .net "clk", 0 0, v0x563703d53060_0;  alias, 1 drivers
v0x563703d3e010_0 .net "forbidden", 0 0, L_0x563703d5f0c0;  1 drivers
v0x563703d3e0e0_0 .net "in_n", 0 0, L_0x563703d5f880;  1 drivers
v0x563703d3e180_0 .net "in_p", 0 0, L_0x563703d5f7e0;  1 drivers
v0x563703d3e270_0 .net "out_n", 0 0, L_0x563703d5f720;  1 drivers
v0x563703d3e330_0 .net "out_p", 0 0, L_0x563703d5f610;  1 drivers
v0x563703d3e3f0_0 .var "reg_n", 0 0;
v0x563703d3e4b0_0 .var "reg_p", 0 0;
E_0x563703d2a7b0 .event posedge, v0x563703d3d0b0_0;
S_0x563703d3e6a0 .scope module, "input_one" "demux" 3 48, 7 39 0, S_0x563703cbbef0;
 .timescale 0 0;
    .port_info 0 /INPUT 6 "in";
    .port_info 1 /INPUT 2 "ctrl";
    .port_info 2 /OUTPUT 24 "out";
P_0x563703d12020 .param/l "SIZE_CTRL" 1 7 55, +C4<00000000000000000000000000000010>;
P_0x563703d12060 .param/l "SIZE_OUT" 1 7 56, +C4<0000000000000000000000000000000000000000000000000000000000011000>;
P_0x563703d120a0 .param/l "WAY" 0 7 43, +C4<00000000000000000000000000000100>;
P_0x563703d120e0 .param/l "WIRE" 0 7 44, +C4<00000000000000000000000000000110>;
v0x563703d42010_0 .net "ctrl", 1 0, L_0x563703d54d90;  alias, 1 drivers
v0x563703d42110_0 .net "in", 5 0, L_0x563703d54bd0;  alias, 1 drivers
v0x563703d42220_0 .net "out", 23 0, L_0x563703d55730;  alias, 1 drivers
L_0x563703d536d0 .functor BUFT 1, C8<770>, C4<0>, C4<0>, C4<0>;
v0x563703d422e0_0 .net8 "padding", 0 0, L_0x563703d536d0;  1 drivers, strength-aware
L_0x563703d54f50 .part L_0x563703d54d90, 1, 1;
L_0x563703d55d70 .part L_0x563703d54d90, 0, 1;
L_0x563703d56560 .part L_0x563703d54d90, 0, 1;
S_0x563703d3ec30 .scope generate, "genblk1" "genblk1" 7 60, 7 60 0, S_0x563703d3e6a0;
 .timescale 0 0;
P_0x563703d3e880 .param/l "N1" 1 7 65, +C4<00000000000000000000000000000000000000000000000000000000000001100>;
P_0x563703d3e8c0 .param/l "N2" 1 7 66, +C4<0000000000000000000000000000000000000000000000000000000000001100>;
v0x563703d415f0_0 .net "W1", 11 0, L_0x563703d55c30;  1 drivers
v0x563703d416e0_0 .net "W2", 11 0, L_0x563703d56420;  1 drivers
v0x563703d417b0_0 .net *"_ivl_0", 0 0, L_0x563703d54f50;  1 drivers
v0x563703d41880_0 .net *"_ivl_1", 11 0, L_0x563703d54ff0;  1 drivers
v0x563703d41960_0 .net *"_ivl_3", 23 0, L_0x563703d55230;  1 drivers
v0x563703d41a90_0 .net *"_ivl_5", 11 0, L_0x563703d552d0;  1 drivers
v0x563703d41b70_0 .net *"_ivl_7", 23 0, L_0x563703d555f0;  1 drivers
LS_0x563703d54ff0_0_0 .concat [ 1 1 1 1], L_0x563703d536d0, L_0x563703d536d0, L_0x563703d536d0, L_0x563703d536d0;
LS_0x563703d54ff0_0_4 .concat [ 1 1 1 1], L_0x563703d536d0, L_0x563703d536d0, L_0x563703d536d0, L_0x563703d536d0;
LS_0x563703d54ff0_0_8 .concat [ 1 1 1 1], L_0x563703d536d0, L_0x563703d536d0, L_0x563703d536d0, L_0x563703d536d0;
L_0x563703d54ff0 .concat [ 4 4 4 0], LS_0x563703d54ff0_0_0, LS_0x563703d54ff0_0_4, LS_0x563703d54ff0_0_8;
L_0x563703d55230 .concat [ 12 12 0 0], L_0x563703d54ff0, L_0x563703d55c30;
LS_0x563703d552d0_0_0 .concat [ 1 1 1 1], L_0x563703d536d0, L_0x563703d536d0, L_0x563703d536d0, L_0x563703d536d0;
LS_0x563703d552d0_0_4 .concat [ 1 1 1 1], L_0x563703d536d0, L_0x563703d536d0, L_0x563703d536d0, L_0x563703d536d0;
LS_0x563703d552d0_0_8 .concat [ 1 1 1 1], L_0x563703d536d0, L_0x563703d536d0, L_0x563703d536d0, L_0x563703d536d0;
L_0x563703d552d0 .concat [ 4 4 4 0], LS_0x563703d552d0_0_0, LS_0x563703d552d0_0_4, LS_0x563703d552d0_0_8;
L_0x563703d555f0 .concat [ 12 12 0 0], L_0x563703d56420, L_0x563703d552d0;
L_0x563703d55730 .functor MUXZ 24, L_0x563703d555f0, L_0x563703d55230, L_0x563703d54f50, C4<>;
S_0x563703d3ef70 .scope module, "demux1" "demux" 7 72, 7 39 0, S_0x563703d3ec30;
 .timescale 0 0;
    .port_info 0 /INPUT 6 "in";
    .port_info 1 /INPUT 1 "ctrl";
    .port_info 2 /OUTPUT 12 "out";
P_0x563703d3e960 .param/l "SIZE_CTRL" 1 7 55, +C4<00000000000000000000000000000001>;
P_0x563703d3e9a0 .param/l "SIZE_OUT" 1 7 56, +C4<0000000000000000000000000000000000000000000000000000000000001100>;
P_0x563703d3e9e0 .param/l "WAY" 0 7 43, +C4<00000000000000000000000000000010>;
P_0x563703d3ea20 .param/l "WIRE" 0 7 44, +C4<00000000000000000000000000000110>;
v0x563703d3ff10_0 .net "ctrl", 0 0, L_0x563703d55d70;  1 drivers
v0x563703d40010_0 .net "in", 5 0, L_0x563703d54bd0;  alias, 1 drivers
v0x563703d400f0_0 .net "out", 11 0, L_0x563703d55c30;  alias, 1 drivers
L_0x563703d53740 .functor BUFT 1, C8<770>, C4<0>, C4<0>, C4<0>;
v0x563703d401e0_0 .net8 "padding", 0 0, L_0x563703d53740;  1 drivers, strength-aware
L_0x563703d55c30 .functor MUXZ 12, L_0x563703d55b40, L_0x563703d55a00, L_0x563703d55d70, C4<>;
S_0x563703d3f5a0 .scope generate, "genblk1" "genblk1" 7 60, 7 60 0, S_0x563703d3ef70;
 .timescale 0 0;
v0x563703d3f7a0_0 .net *"_ivl_0", 5 0, L_0x563703d55910;  1 drivers
v0x563703d3f8a0_0 .net *"_ivl_2", 11 0, L_0x563703d55a00;  1 drivers
v0x563703d3f980_0 .net *"_ivl_4", 5 0, L_0x563703d55aa0;  1 drivers
v0x563703d3fa70_0 .net *"_ivl_6", 11 0, L_0x563703d55b40;  1 drivers
LS_0x563703d55910_0_0 .concat [ 1 1 1 1], L_0x563703d53740, L_0x563703d53740, L_0x563703d53740, L_0x563703d53740;
LS_0x563703d55910_0_4 .concat [ 1 1 0 0], L_0x563703d53740, L_0x563703d53740;
L_0x563703d55910 .concat [ 4 2 0 0], LS_0x563703d55910_0_0, LS_0x563703d55910_0_4;
L_0x563703d55a00 .concat [ 6 6 0 0], L_0x563703d55910, L_0x563703d54bd0;
LS_0x563703d55aa0_0_0 .concat [ 1 1 1 1], L_0x563703d53740, L_0x563703d53740, L_0x563703d53740, L_0x563703d53740;
LS_0x563703d55aa0_0_4 .concat [ 1 1 0 0], L_0x563703d53740, L_0x563703d53740;
L_0x563703d55aa0 .concat [ 4 2 0 0], LS_0x563703d55aa0_0_0, LS_0x563703d55aa0_0_4;
L_0x563703d55b40 .concat [ 6 6 0 0], L_0x563703d54bd0, L_0x563703d55aa0;
S_0x563703d3fb50 .scope function.vec4.u32, "log2" "log2" 7 46, 7 46 0, S_0x563703d3ef70;
 .timescale 0 0;
; Variable log2 is vec4 return value of scope S_0x563703d3fb50
v0x563703d3fe30_0 .var/i "value", 31 0;
TD_test_top.test_top.input_one.genblk1.demux1.log2 ;
    %load/vec4 v0x563703d3fe30_0;
    %subi 1, 0, 32;
    %store/vec4 v0x563703d3fe30_0, 0, 32;
    %pushi/vec4 0, 0, 32;
    %ret/vec4 0, 0, 32;  Assign to log2 (store_vec4_to_lval)
T_0.0 ;
    %load/vec4 v0x563703d3fe30_0;
    %cmpi/s 0, 0, 32;
    %flag_or 5, 4; GT is !LE
    %flag_inv 5;
    %jmp/0xz T_0.1, 5;
    %load/vec4 v0x563703d3fe30_0;
    %ix/load 4, 1, 0;
    %flag_set/imm 4, 0;
    %shiftr 4;
    %store/vec4 v0x563703d3fe30_0, 0, 32;
    %retload/vec4 0; Load log2 (draw_signal_vec4)
    %addi 1, 0, 32;
    %ret/vec4 0, 0, 32;  Assign to log2 (store_vec4_to_lval)
    %jmp T_0.0;
T_0.1 ;
    %end;
S_0x563703d40320 .scope module, "demux2" "demux" 7 76, 7 39 0, S_0x563703d3ec30;
 .timescale 0 0;
    .port_info 0 /INPUT 6 "in";
    .port_info 1 /INPUT 1 "ctrl";
    .port_info 2 /OUTPUT 12 "out";
P_0x563703d3f2d0 .param/l "SIZE_CTRL" 1 7 55, +C4<00000000000000000000000000000001>;
P_0x563703d3f310 .param/l "SIZE_OUT" 1 7 56, +C4<0000000000000000000000000000000000000000000000000000000000001100>;
P_0x563703d3f350 .param/l "WAY" 0 7 43, +C4<00000000000000000000000000000010>;
P_0x563703d3f390 .param/l "WIRE" 0 7 44, +C4<00000000000000000000000000000110>;
v0x563703d411f0_0 .net "ctrl", 0 0, L_0x563703d56560;  1 drivers
v0x563703d412f0_0 .net "in", 5 0, L_0x563703d54bd0;  alias, 1 drivers
v0x563703d413e0_0 .net "out", 11 0, L_0x563703d56420;  alias, 1 drivers
L_0x563703d53800 .functor BUFT 1, C8<770>, C4<0>, C4<0>, C4<0>;
v0x563703d414b0_0 .net8 "padding", 0 0, L_0x563703d53800;  1 drivers, strength-aware
L_0x563703d56420 .functor MUXZ 12, L_0x563703d56220, L_0x563703d55f90, L_0x563703d56560, C4<>;
S_0x563703d40880 .scope generate, "genblk1" "genblk1" 7 60, 7 60 0, S_0x563703d40320;
 .timescale 0 0;
v0x563703d40a80_0 .net *"_ivl_0", 5 0, L_0x563703d55e60;  1 drivers
v0x563703d40b80_0 .net *"_ivl_2", 11 0, L_0x563703d55f90;  1 drivers
v0x563703d40c60_0 .net *"_ivl_4", 5 0, L_0x563703d56030;  1 drivers
v0x563703d40d50_0 .net *"_ivl_6", 11 0, L_0x563703d56220;  1 drivers
LS_0x563703d55e60_0_0 .concat [ 1 1 1 1], L_0x563703d53800, L_0x563703d53800, L_0x563703d53800, L_0x563703d53800;
LS_0x563703d55e60_0_4 .concat [ 1 1 0 0], L_0x563703d53800, L_0x563703d53800;
L_0x563703d55e60 .concat [ 4 2 0 0], LS_0x563703d55e60_0_0, LS_0x563703d55e60_0_4;
L_0x563703d55f90 .concat [ 6 6 0 0], L_0x563703d55e60, L_0x563703d54bd0;
LS_0x563703d56030_0_0 .concat [ 1 1 1 1], L_0x563703d53800, L_0x563703d53800, L_0x563703d53800, L_0x563703d53800;
LS_0x563703d56030_0_4 .concat [ 1 1 0 0], L_0x563703d53800, L_0x563703d53800;
L_0x563703d56030 .concat [ 4 2 0 0], LS_0x563703d56030_0_0, LS_0x563703d56030_0_4;
L_0x563703d56220 .concat [ 6 6 0 0], L_0x563703d54bd0, L_0x563703d56030;
S_0x563703d40e30 .scope function.vec4.u32, "log2" "log2" 7 46, 7 46 0, S_0x563703d40320;
 .timescale 0 0;
; Variable log2 is vec4 return value of scope S_0x563703d40e30
v0x563703d41110_0 .var/i "value", 31 0;
TD_test_top.test_top.input_one.genblk1.demux2.log2 ;
    %load/vec4 v0x563703d41110_0;
    %subi 1, 0, 32;
    %store/vec4 v0x563703d41110_0, 0, 32;
    %pushi/vec4 0, 0, 32;
    %ret/vec4 0, 0, 32;  Assign to log2 (store_vec4_to_lval)
T_1.2 ;
    %load/vec4 v0x563703d41110_0;
    %cmpi/s 0, 0, 32;
    %flag_or 5, 4; GT is !LE
    %flag_inv 5;
    %jmp/0xz T_1.3, 5;
    %load/vec4 v0x563703d41110_0;
    %ix/load 4, 1, 0;
    %flag_set/imm 4, 0;
    %shiftr 4;
    %store/vec4 v0x563703d41110_0, 0, 32;
    %retload/vec4 0; Load log2 (draw_signal_vec4)
    %addi 1, 0, 32;
    %ret/vec4 0, 0, 32;  Assign to log2 (store_vec4_to_lval)
    %jmp T_1.2;
T_1.3 ;
    %end;
S_0x563703d41c50 .scope function.vec4.u32, "log2" "log2" 7 46, 7 46 0, S_0x563703d3e6a0;
 .timescale 0 0;
; Variable log2 is vec4 return value of scope S_0x563703d41c50
v0x563703d41f30_0 .var/i "value", 31 0;
TD_test_top.test_top.input_one.log2 ;
    %load/vec4 v0x563703d41f30_0;
    %subi 1, 0, 32;
    %store/vec4 v0x563703d41f30_0, 0, 32;
    %pushi/vec4 0, 0, 32;
    %ret/vec4 0, 0, 32;  Assign to log2 (store_vec4_to_lval)
T_2.4 ;
    %load/vec4 v0x563703d41f30_0;
    %cmpi/s 0, 0, 32;
    %flag_or 5, 4; GT is !LE
    %flag_inv 5;
    %jmp/0xz T_2.5, 5;
    %load/vec4 v0x563703d41f30_0;
    %ix/load 4, 1, 0;
    %flag_set/imm 4, 0;
    %shiftr 4;
    %store/vec4 v0x563703d41f30_0, 0, 32;
    %retload/vec4 0; Load log2 (draw_signal_vec4)
    %addi 1, 0, 32;
    %ret/vec4 0, 0, 32;  Assign to log2 (store_vec4_to_lval)
    %jmp T_2.4;
T_2.5 ;
    %end;
S_0x563703d42420 .scope module, "input_two" "demux" 3 49, 7 39 0, S_0x563703cbbef0;
 .timescale 0 0;
    .port_info 0 /INPUT 6 "in";
    .port_info 1 /INPUT 2 "ctrl";
    .port_info 2 /OUTPUT 24 "out";
P_0x563703d405d0 .param/l "SIZE_CTRL" 1 7 55, +C4<00000000000000000000000000000010>;
P_0x563703d40610 .param/l "SIZE_OUT" 1 7 56, +C4<0000000000000000000000000000000000000000000000000000000000011000>;
P_0x563703d40650 .param/l "WAY" 0 7 43, +C4<00000000000000000000000000000100>;
P_0x563703d40690 .param/l "WIRE" 0 7 44, +C4<00000000000000000000000000000110>;
v0x563703d45d50_0 .net "ctrl", 1 0, L_0x563703d54d90;  alias, 1 drivers
v0x563703d45e30_0 .net "in", 5 0, L_0x563703d54cf0;  alias, 1 drivers
v0x563703d45f20_0 .net "out", 23 0, L_0x563703d56fc0;  alias, 1 drivers
L_0x563703d538c0 .functor BUFT 1, C8<770>, C4<0>, C4<0>, C4<0>;
v0x563703d45fe0_0 .net8 "padding", 0 0, L_0x563703d538c0;  1 drivers, strength-aware
L_0x563703d56650 .part L_0x563703d54d90, 1, 1;
L_0x563703d57680 .part L_0x563703d54d90, 0, 1;
L_0x563703d57e70 .part L_0x563703d54d90, 0, 1;
S_0x563703d42970 .scope generate, "genblk1" "genblk1" 7 60, 7 60 0, S_0x563703d42420;
 .timescale 0 0;
P_0x563703d3f1c0 .param/l "N1" 1 7 65, +C4<00000000000000000000000000000000000000000000000000000000000001100>;
P_0x563703d3f200 .param/l "N2" 1 7 66, +C4<0000000000000000000000000000000000000000000000000000000000001100>;
v0x563703d45330_0 .net "W1", 11 0, L_0x563703d57540;  1 drivers
v0x563703d45420_0 .net "W2", 11 0, L_0x563703d57d30;  1 drivers
v0x563703d454f0_0 .net *"_ivl_0", 0 0, L_0x563703d56650;  1 drivers
v0x563703d455c0_0 .net *"_ivl_1", 11 0, L_0x563703d56800;  1 drivers
v0x563703d456a0_0 .net *"_ivl_3", 23 0, L_0x563703d56a70;  1 drivers
v0x563703d457d0_0 .net *"_ivl_5", 11 0, L_0x563703d56b60;  1 drivers
v0x563703d458b0_0 .net *"_ivl_7", 23 0, L_0x563703d56e80;  1 drivers
LS_0x563703d56800_0_0 .concat [ 1 1 1 1], L_0x563703d538c0, L_0x563703d538c0, L_0x563703d538c0, L_0x563703d538c0;
LS_0x563703d56800_0_4 .concat [ 1 1 1 1], L_0x563703d538c0, L_0x563703d538c0, L_0x563703d538c0, L_0x563703d538c0;
LS_0x563703d56800_0_8 .concat [ 1 1 1 1], L_0x563703d538c0, L_0x563703d538c0, L_0x563703d538c0, L_0x563703d538c0;
L_0x563703d56800 .concat [ 4 4 4 0], LS_0x563703d56800_0_0, LS_0x563703d56800_0_4, LS_0x563703d56800_0_8;
L_0x563703d56a70 .concat [ 12 12 0 0], L_0x563703d56800, L_0x563703d57540;
LS_0x563703d56b60_0_0 .concat [ 1 1 1 1], L_0x563703d538c0, L_0x563703d538c0, L_0x563703d538c0, L_0x563703d538c0;
LS_0x563703d56b60_0_4 .concat [ 1 1 1 1], L_0x563703d538c0, L_0x563703d538c0, L_0x563703d538c0, L_0x563703d538c0;
LS_0x563703d56b60_0_8 .concat [ 1 1 1 1], L_0x563703d538c0, L_0x563703d538c0, L_0x563703d538c0, L_0x563703d538c0;
L_0x563703d56b60 .concat [ 4 4 4 0], LS_0x563703d56b60_0_0, LS_0x563703d56b60_0_4, LS_0x563703d56b60_0_8;
L_0x563703d56e80 .concat [ 12 12 0 0], L_0x563703d57d30, L_0x563703d56b60;
L_0x563703d56fc0 .functor MUXZ 24, L_0x563703d56e80, L_0x563703d56a70, L_0x563703d56650, C4<>;
S_0x563703d42cb0 .scope module, "demux1" "demux" 7 72, 7 39 0, S_0x563703d42970;
 .timescale 0 0;
    .port_info 0 /INPUT 6 "in";
    .port_info 1 /INPUT 1 "ctrl";
    .port_info 2 /OUTPUT 12 "out";
P_0x563703d426f0 .param/l "SIZE_CTRL" 1 7 55, +C4<00000000000000000000000000000001>;
P_0x563703d42730 .param/l "SIZE_OUT" 1 7 56, +C4<0000000000000000000000000000000000000000000000000000000000001100>;
P_0x563703d42770 .param/l "WAY" 0 7 43, +C4<00000000000000000000000000000010>;
P_0x563703d427b0 .param/l "WIRE" 0 7 44, +C4<00000000000000000000000000000110>;
v0x563703d43c50_0 .net "ctrl", 0 0, L_0x563703d57680;  1 drivers
v0x563703d43d50_0 .net "in", 5 0, L_0x563703d54cf0;  alias, 1 drivers
v0x563703d43e30_0 .net "out", 11 0, L_0x563703d57540;  alias, 1 drivers
L_0x563703d53980 .functor BUFT 1, C8<770>, C4<0>, C4<0>, C4<0>;
v0x563703d43f20_0 .net8 "padding", 0 0, L_0x563703d53980;  1 drivers, strength-aware
L_0x563703d57540 .functor MUXZ 12, L_0x563703d57450, L_0x563703d572d0, L_0x563703d57680, C4<>;
S_0x563703d432e0 .scope generate, "genblk1" "genblk1" 7 60, 7 60 0, S_0x563703d42cb0;
 .timescale 0 0;
v0x563703d434e0_0 .net *"_ivl_0", 5 0, L_0x563703d571a0;  1 drivers
v0x563703d435e0_0 .net *"_ivl_2", 11 0, L_0x563703d572d0;  1 drivers
v0x563703d436c0_0 .net *"_ivl_4", 5 0, L_0x563703d57370;  1 drivers
v0x563703d437b0_0 .net *"_ivl_6", 11 0, L_0x563703d57450;  1 drivers
LS_0x563703d571a0_0_0 .concat [ 1 1 1 1], L_0x563703d53980, L_0x563703d53980, L_0x563703d53980, L_0x563703d53980;
LS_0x563703d571a0_0_4 .concat [ 1 1 0 0], L_0x563703d53980, L_0x563703d53980;
L_0x563703d571a0 .concat [ 4 2 0 0], LS_0x563703d571a0_0_0, LS_0x563703d571a0_0_4;
L_0x563703d572d0 .concat [ 6 6 0 0], L_0x563703d571a0, L_0x563703d54cf0;
LS_0x563703d57370_0_0 .concat [ 1 1 1 1], L_0x563703d53980, L_0x563703d53980, L_0x563703d53980, L_0x563703d53980;
LS_0x563703d57370_0_4 .concat [ 1 1 0 0], L_0x563703d53980, L_0x563703d53980;
L_0x563703d57370 .concat [ 4 2 0 0], LS_0x563703d57370_0_0, LS_0x563703d57370_0_4;
L_0x563703d57450 .concat [ 6 6 0 0], L_0x563703d54cf0, L_0x563703d57370;
S_0x563703d43890 .scope function.vec4.u32, "log2" "log2" 7 46, 7 46 0, S_0x563703d42cb0;
 .timescale 0 0;
; Variable log2 is vec4 return value of scope S_0x563703d43890
v0x563703d43b70_0 .var/i "value", 31 0;
TD_test_top.test_top.input_two.genblk1.demux1.log2 ;
    %load/vec4 v0x563703d43b70_0;
    %subi 1, 0, 32;
    %store/vec4 v0x563703d43b70_0, 0, 32;
    %pushi/vec4 0, 0, 32;
    %ret/vec4 0, 0, 32;  Assign to log2 (store_vec4_to_lval)
T_3.6 ;
    %load/vec4 v0x563703d43b70_0;
    %cmpi/s 0, 0, 32;
    %flag_or 5, 4; GT is !LE
    %flag_inv 5;
    %jmp/0xz T_3.7, 5;
    %load/vec4 v0x563703d43b70_0;
    %ix/load 4, 1, 0;
    %flag_set/imm 4, 0;
    %shiftr 4;
    %store/vec4 v0x563703d43b70_0, 0, 32;
    %retload/vec4 0; Load log2 (draw_signal_vec4)
    %addi 1, 0, 32;
    %ret/vec4 0, 0, 32;  Assign to log2 (store_vec4_to_lval)
    %jmp T_3.6;
T_3.7 ;
    %end;
S_0x563703d44060 .scope module, "demux2" "demux" 7 76, 7 39 0, S_0x563703d42970;
 .timescale 0 0;
    .port_info 0 /INPUT 6 "in";
    .port_info 1 /INPUT 1 "ctrl";
    .port_info 2 /OUTPUT 12 "out";
P_0x563703d43010 .param/l "SIZE_CTRL" 1 7 55, +C4<00000000000000000000000000000001>;
P_0x563703d43050 .param/l "SIZE_OUT" 1 7 56, +C4<0000000000000000000000000000000000000000000000000000000000001100>;
P_0x563703d43090 .param/l "WAY" 0 7 43, +C4<00000000000000000000000000000010>;
P_0x563703d430d0 .param/l "WIRE" 0 7 44, +C4<00000000000000000000000000000110>;
v0x563703d44f30_0 .net "ctrl", 0 0, L_0x563703d57e70;  1 drivers
v0x563703d45030_0 .net "in", 5 0, L_0x563703d54cf0;  alias, 1 drivers
v0x563703d45120_0 .net "out", 11 0, L_0x563703d57d30;  alias, 1 drivers
L_0x563703d53a40 .functor BUFT 1, C8<770>, C4<0>, C4<0>, C4<0>;
v0x563703d451f0_0 .net8 "padding", 0 0, L_0x563703d53a40;  1 drivers, strength-aware
L_0x563703d57d30 .functor MUXZ 12, L_0x563703d57b30, L_0x563703d578a0, L_0x563703d57e70, C4<>;
S_0x563703d445c0 .scope generate, "genblk1" "genblk1" 7 60, 7 60 0, S_0x563703d44060;
 .timescale 0 0;
v0x563703d447c0_0 .net *"_ivl_0", 5 0, L_0x563703d57770;  1 drivers
v0x563703d448c0_0 .net *"_ivl_2", 11 0, L_0x563703d578a0;  1 drivers
v0x563703d449a0_0 .net *"_ivl_4", 5 0, L_0x563703d57940;  1 drivers
v0x563703d44a90_0 .net *"_ivl_6", 11 0, L_0x563703d57b30;  1 drivers
LS_0x563703d57770_0_0 .concat [ 1 1 1 1], L_0x563703d53a40, L_0x563703d53a40, L_0x563703d53a40, L_0x563703d53a40;
LS_0x563703d57770_0_4 .concat [ 1 1 0 0], L_0x563703d53a40, L_0x563703d53a40;
L_0x563703d57770 .concat [ 4 2 0 0], LS_0x563703d57770_0_0, LS_0x563703d57770_0_4;
L_0x563703d578a0 .concat [ 6 6 0 0], L_0x563703d57770, L_0x563703d54cf0;
LS_0x563703d57940_0_0 .concat [ 1 1 1 1], L_0x563703d53a40, L_0x563703d53a40, L_0x563703d53a40, L_0x563703d53a40;
LS_0x563703d57940_0_4 .concat [ 1 1 0 0], L_0x563703d53a40, L_0x563703d53a40;
L_0x563703d57940 .concat [ 4 2 0 0], LS_0x563703d57940_0_0, LS_0x563703d57940_0_4;
L_0x563703d57b30 .concat [ 6 6 0 0], L_0x563703d54cf0, L_0x563703d57940;
S_0x563703d44b70 .scope function.vec4.u32, "log2" "log2" 7 46, 7 46 0, S_0x563703d44060;
 .timescale 0 0;
; Variable log2 is vec4 return value of scope S_0x563703d44b70
v0x563703d44e50_0 .var/i "value", 31 0;
TD_test_top.test_top.input_two.genblk1.demux2.log2 ;
    %load/vec4 v0x563703d44e50_0;
    %subi 1, 0, 32;
    %store/vec4 v0x563703d44e50_0, 0, 32;
    %pushi/vec4 0, 0, 32;
    %ret/vec4 0, 0, 32;  Assign to log2 (store_vec4_to_lval)
T_4.8 ;
    %load/vec4 v0x563703d44e50_0;
    %cmpi/s 0, 0, 32;
    %flag_or 5, 4; GT is !LE
    %flag_inv 5;
    %jmp/0xz T_4.9, 5;
    %load/vec4 v0x563703d44e50_0;
    %ix/load 4, 1, 0;
    %flag_set/imm 4, 0;
    %shiftr 4;
    %store/vec4 v0x563703d44e50_0, 0, 32;
    %retload/vec4 0; Load log2 (draw_signal_vec4)
    %addi 1, 0, 32;
    %ret/vec4 0, 0, 32;  Assign to log2 (store_vec4_to_lval)
    %jmp T_4.8;
T_4.9 ;
    %end;
S_0x563703d45990 .scope function.vec4.u32, "log2" "log2" 7 46, 7 46 0, S_0x563703d42420;
 .timescale 0 0;
; Variable log2 is vec4 return value of scope S_0x563703d45990
v0x563703d45c70_0 .var/i "value", 31 0;
TD_test_top.test_top.input_two.log2 ;
    %load/vec4 v0x563703d45c70_0;
    %subi 1, 0, 32;
    %store/vec4 v0x563703d45c70_0, 0, 32;
    %pushi/vec4 0, 0, 32;
    %ret/vec4 0, 0, 32;  Assign to log2 (store_vec4_to_lval)
T_5.10 ;
    %load/vec4 v0x563703d45c70_0;
    %cmpi/s 0, 0, 32;
    %flag_or 5, 4; GT is !LE
    %flag_inv 5;
    %jmp/0xz T_5.11, 5;
    %load/vec4 v0x563703d45c70_0;
    %ix/load 4, 1, 0;
    %flag_set/imm 4, 0;
    %shiftr 4;
    %store/vec4 v0x563703d45c70_0, 0, 32;
    %retload/vec4 0; Load log2 (draw_signal_vec4)
    %addi 1, 0, 32;
    %ret/vec4 0, 0, 32;  Assign to log2 (store_vec4_to_lval)
    %jmp T_5.10;
T_5.11 ;
    %end;
S_0x563703d46120 .scope module, "onehalt_latch" "onehalf_latch" 3 86, 6 23 0, S_0x563703cbbef0;
 .timescale 0 0;
    .port_info 0 /INPUT 1 "clk";
    .port_info 1 /INPUT 1 "in_p";
    .port_info 2 /INPUT 1 "in_n";
    .port_info 3 /OUTPUT 1 "out_p";
    .port_info 4 /OUTPUT 1 "out_n";
L_0x563703d5e4c0 .functor AND 1, v0x563703d46a30_0, v0x563703d46970_0, C4<1>, C4<1>;
L_0x563703d5e8d0 .functor NOT 1, L_0x563703d5e4c0, C4<0>, C4<0>, C4<0>;
L_0x563703d5e990 .functor AND 1, v0x563703d46a30_0, L_0x563703d5e8d0, C4<1>, C4<1>;
L_0x563703d5eaa0 .functor AND 1, v0x563703d46970_0, L_0x563703d5e8d0, C4<1>, C4<1>;
v0x563703d463b0_0 .net *"_ivl_0", 0 0, L_0x563703d5e4c0;  1 drivers
v0x563703d46490_0 .net "clk", 0 0, v0x563703d53060_0;  alias, 1 drivers
v0x563703d465a0_0 .net "forbidden", 0 0, L_0x563703d5e8d0;  1 drivers
v0x563703d46640_0 .net "in_n", 0 0, L_0x563703d5ec00;  1 drivers
v0x563703d466e0_0 .net "in_p", 0 0, L_0x563703d5eb60;  1 drivers
v0x563703d467f0_0 .net "out_n", 0 0, L_0x563703d5eaa0;  1 drivers
v0x563703d468b0_0 .net "out_p", 0 0, L_0x563703d5e990;  1 drivers
v0x563703d46970_0 .var "reg_n", 0 0;
v0x563703d46a30_0 .var "reg_p", 0 0;
S_0x563703d46b90 .scope module, "ouput_one" "mux" 3 62, 7 1 0, S_0x563703cbbef0;
 .timescale 0 0;
    .port_info 0 /INPUT 32 "in";
    .port_info 1 /INPUT 2 "ctrl";
    .port_info 2 /OUTPUT 8 "out";
P_0x563703d44310 .param/l "SIZE_CTRL" 1 7 17, +C4<00000000000000000000000000000010>;
P_0x563703d44350 .param/l "SIZE_IN" 1 7 18, +C4<0000000000000000000000000000000000000000000000000000000000100000>;
P_0x563703d44390 .param/l "WAY" 0 7 5, +C4<00000000000000000000000000000100>;
P_0x563703d443d0 .param/l "WIRE" 0 7 6, +C4<00000000000000000000000000001000>;
v0x563703d49a50_0 .net "ctrl", 1 0, L_0x563703d54d90;  alias, 1 drivers
v0x563703d49b80_0 .net "in", 31 0, L_0x563703d58830;  alias, 1 drivers
v0x563703d49c60_0 .net "out", 7 0, L_0x563703d589c0;  alias, 1 drivers
L_0x563703d58920 .part L_0x563703d54d90, 1, 1;
L_0x563703d58e20 .part L_0x563703d58830, 0, 16;
L_0x563703d58ec0 .part L_0x563703d54d90, 0, 1;
L_0x563703d59280 .part L_0x563703d58830, 16, 16;
L_0x563703d59320 .part L_0x563703d54d90, 0, 1;
S_0x563703d47120 .scope generate, "genblk1" "genblk1" 7 20, 7 20 0, S_0x563703d46b90;
 .timescale 0 0;
v0x563703d49400_0 .net *"_ivl_0", 0 0, L_0x563703d58920;  1 drivers
v0x563703d494e0_0 .net "out1", 7 0, L_0x563703d58ce0;  1 drivers
v0x563703d495d0_0 .net "out2", 7 0, L_0x563703d59140;  1 drivers
L_0x563703d589c0 .functor MUXZ 8, L_0x563703d58ce0, L_0x563703d59140, L_0x563703d58920, C4<>;
S_0x563703d47320 .scope module, "mux1" "mux" 7 28, 7 1 0, S_0x563703d47120;
 .timescale 0 0;
    .port_info 0 /INPUT 16 "in";
    .port_info 1 /INPUT 1 "ctrl";
    .port_info 2 /OUTPUT 8 "out";
P_0x563703d46e50 .param/l "SIZE_CTRL" 1 7 17, +C4<00000000000000000000000000000001>;
P_0x563703d46e90 .param/l "SIZE_IN" 1 7 18, +C4<0000000000000000000000000000000000000000000000000000000000010000>;
P_0x563703d46ed0 .param/l "WAY" 0 7 5, +C4<00000000000000000000000000000010>;
P_0x563703d46f10 .param/l "WIRE" 0 7 6, +C4<00000000000000000000000000001000>;
v0x563703d48060_0 .net "ctrl", 0 0, L_0x563703d58ec0;  1 drivers
v0x563703d48160_0 .net "in", 15 0, L_0x563703d58e20;  1 drivers
v0x563703d48240_0 .net "out", 7 0, L_0x563703d58ce0;  alias, 1 drivers
L_0x563703d58b50 .part L_0x563703d58e20, 8, 8;
L_0x563703d58bf0 .part L_0x563703d58e20, 0, 8;
L_0x563703d58ce0 .functor MUXZ 8, L_0x563703d58bf0, L_0x563703d58b50, L_0x563703d58ec0, C4<>;
S_0x563703d478c0 .scope generate, "genblk1" "genblk1" 7 20, 7 20 0, S_0x563703d47320;
 .timescale 0 0;
v0x563703d47ac0_0 .net *"_ivl_0", 7 0, L_0x563703d58b50;  1 drivers
v0x563703d47bc0_0 .net *"_ivl_1", 7 0, L_0x563703d58bf0;  1 drivers
S_0x563703d47ca0 .scope function.vec4.u32, "log2" "log2" 7 8, 7 8 0, S_0x563703d47320;
 .timescale 0 0;
; Variable log2 is vec4 return value of scope S_0x563703d47ca0
v0x563703d47f80_0 .var/i "value", 31 0;
TD_test_top.test_top.ouput_one.genblk1.mux1.log2 ;
    %load/vec4 v0x563703d47f80_0;
    %subi 1, 0, 32;
    %store/vec4 v0x563703d47f80_0, 0, 32;
    %pushi/vec4 0, 0, 32;
    %ret/vec4 0, 0, 32;  Assign to log2 (store_vec4_to_lval)
T_6.12 ;
    %load/vec4 v0x563703d47f80_0;
    %cmpi/s 0, 0, 32;
    %flag_or 5, 4; GT is !LE
    %flag_inv 5;
    %jmp/0xz T_6.13, 5;
    %load/vec4 v0x563703d47f80_0;
    %ix/load 4, 1, 0;
    %flag_set/imm 4, 0;
    %shiftr 4;
    %store/vec4 v0x563703d47f80_0, 0, 32;
    %retload/vec4 0; Load log2 (draw_signal_vec4)
    %addi 1, 0, 32;
    %ret/vec4 0, 0, 32;  Assign to log2 (store_vec4_to_lval)
    %jmp T_6.12;
T_6.13 ;
    %end;
S_0x563703d483b0 .scope module, "mux2" "mux" 7 32, 7 1 0, S_0x563703d47120;
 .timescale 0 0;
    .port_info 0 /INPUT 16 "in";
    .port_info 1 /INPUT 1 "ctrl";
    .port_info 2 /OUTPUT 8 "out";
P_0x563703d475f0 .param/l "SIZE_CTRL" 1 7 17, +C4<00000000000000000000000000000001>;
P_0x563703d47630 .param/l "SIZE_IN" 1 7 18, +C4<0000000000000000000000000000000000000000000000000000000000010000>;
P_0x563703d47670 .param/l "WAY" 0 7 5, +C4<00000000000000000000000000000010>;
P_0x563703d476b0 .param/l "WIRE" 0 7 6, +C4<00000000000000000000000000001000>;
v0x563703d490b0_0 .net "ctrl", 0 0, L_0x563703d59320;  1 drivers
v0x563703d491b0_0 .net "in", 15 0, L_0x563703d59280;  1 drivers
v0x563703d49290_0 .net "out", 7 0, L_0x563703d59140;  alias, 1 drivers
L_0x563703d58fb0 .part L_0x563703d59280, 8, 8;
L_0x563703d59050 .part L_0x563703d59280, 0, 8;
L_0x563703d59140 .functor MUXZ 8, L_0x563703d59050, L_0x563703d58fb0, L_0x563703d59320, C4<>;
S_0x563703d48910 .scope generate, "genblk1" "genblk1" 7 20, 7 20 0, S_0x563703d483b0;
 .timescale 0 0;
v0x563703d48b10_0 .net *"_ivl_0", 7 0, L_0x563703d58fb0;  1 drivers
v0x563703d48c10_0 .net *"_ivl_1", 7 0, L_0x563703d59050;  1 drivers
S_0x563703d48cf0 .scope function.vec4.u32, "log2" "log2" 7 8, 7 8 0, S_0x563703d483b0;
 .timescale 0 0;
; Variable log2 is vec4 return value of scope S_0x563703d48cf0
v0x563703d48fd0_0 .var/i "value", 31 0;
TD_test_top.test_top.ouput_one.genblk1.mux2.log2 ;
    %load/vec4 v0x563703d48fd0_0;
    %subi 1, 0, 32;
    %store/vec4 v0x563703d48fd0_0, 0, 32;
    %pushi/vec4 0, 0, 32;
    %ret/vec4 0, 0, 32;  Assign to log2 (store_vec4_to_lval)
T_7.14 ;
    %load/vec4 v0x563703d48fd0_0;
    %cmpi/s 0, 0, 32;
    %flag_or 5, 4; GT is !LE
    %flag_inv 5;
    %jmp/0xz T_7.15, 5;
    %load/vec4 v0x563703d48fd0_0;
    %ix/load 4, 1, 0;
    %flag_set/imm 4, 0;
    %shiftr 4;
    %store/vec4 v0x563703d48fd0_0, 0, 32;
    %retload/vec4 0; Load log2 (draw_signal_vec4)
    %addi 1, 0, 32;
    %ret/vec4 0, 0, 32;  Assign to log2 (store_vec4_to_lval)
    %jmp T_7.14;
T_7.15 ;
    %end;
S_0x563703d496d0 .scope function.vec4.u32, "log2" "log2" 7 8, 7 8 0, S_0x563703d46b90;
 .timescale 0 0;
; Variable log2 is vec4 return value of scope S_0x563703d496d0
v0x563703d49970_0 .var/i "value", 31 0;
TD_test_top.test_top.ouput_one.log2 ;
    %load/vec4 v0x563703d49970_0;
    %subi 1, 0, 32;
    %store/vec4 v0x563703d49970_0, 0, 32;
    %pushi/vec4 0, 0, 32;
    %ret/vec4 0, 0, 32;  Assign to log2 (store_vec4_to_lval)
T_8.16 ;
    %load/vec4 v0x563703d49970_0;
    %cmpi/s 0, 0, 32;
    %flag_or 5, 4; GT is !LE
    %flag_inv 5;
    %jmp/0xz T_8.17, 5;
    %load/vec4 v0x563703d49970_0;
    %ix/load 4, 1, 0;
    %flag_set/imm 4, 0;
    %shiftr 4;
    %store/vec4 v0x563703d49970_0, 0, 32;
    %retload/vec4 0; Load log2 (draw_signal_vec4)
    %addi 1, 0, 32;
    %ret/vec4 0, 0, 32;  Assign to log2 (store_vec4_to_lval)
    %jmp T_8.16;
T_8.17 ;
    %end;
S_0x563703d49da0 .scope module, "treehalt_latch" "onehalf_latch" 3 88, 6 23 0, S_0x563703cbbef0;
 .timescale 0 0;
    .port_info 0 /INPUT 1 "clk";
    .port_info 1 /INPUT 1 "in_p";
    .port_info 2 /INPUT 1 "in_n";
    .port_info 3 /OUTPUT 1 "out_p";
    .port_info 4 /OUTPUT 1 "out_n";
L_0x563703d5eca0 .functor AND 1, v0x563703d4a690_0, v0x563703d4a5d0_0, C4<1>, C4<1>;
L_0x563703d5ed10 .functor NOT 1, L_0x563703d5eca0, C4<0>, C4<0>, C4<0>;
L_0x563703d5f1a0 .functor AND 1, v0x563703d4a690_0, L_0x563703d5ed10, C4<1>, C4<1>;
L_0x563703d5f2b0 .functor AND 1, v0x563703d4a5d0_0, L_0x563703d5ed10, C4<1>, C4<1>;
v0x563703d4a030_0 .net *"_ivl_0", 0 0, L_0x563703d5eca0;  1 drivers
v0x563703d4a110_0 .net "clk", 0 0, v0x563703d53060_0;  alias, 1 drivers
v0x563703d4a1d0_0 .net "forbidden", 0 0, L_0x563703d5ed10;  1 drivers
v0x563703d4a2a0_0 .net "in_n", 0 0, L_0x563703d5f410;  1 drivers
v0x563703d4a340_0 .net "in_p", 0 0, L_0x563703d5f370;  1 drivers
v0x563703d4a450_0 .net "out_n", 0 0, L_0x563703d5f2b0;  1 drivers
v0x563703d4a510_0 .net "out_p", 0 0, L_0x563703d5f1a0;  1 drivers
v0x563703d4a5d0_0 .var "reg_n", 0 0;
v0x563703d4a690_0 .var "reg_p", 0 0;
S_0x563703d4a7f0 .scope module, "twohalt_latch" "onehalf_latch" 3 87, 6 23 0, S_0x563703cbbef0;
 .timescale 0 0;
    .port_info 0 /INPUT 1 "clk";
    .port_info 1 /INPUT 1 "in_p";
    .port_info 2 /INPUT 1 "in_n";
    .port_info 3 /OUTPUT 1 "out_p";
    .port_info 4 /OUTPUT 1 "out_n";
L_0x563703d594b0 .functor AND 1, v0x563703d4b150_0, v0x563703d4b090_0, C4<1>, C4<1>;
L_0x563703d59520 .functor NOT 1, L_0x563703d594b0, C4<0>, C4<0>, C4<0>;
L_0x563703d5ed90 .functor AND 1, v0x563703d4b150_0, L_0x563703d59520, C4<1>, C4<1>;
L_0x563703d5ee50 .functor AND 1, v0x563703d4b090_0, L_0x563703d59520, C4<1>, C4<1>;
v0x563703d4aa90_0 .net *"_ivl_0", 0 0, L_0x563703d594b0;  1 drivers
v0x563703d4ab90_0 .net "clk", 0 0, v0x563703d53060_0;  alias, 1 drivers
v0x563703d4ace0_0 .net "forbidden", 0 0, L_0x563703d59520;  1 drivers
v0x563703d4adb0_0 .net "in_n", 0 0, L_0x563703d5efb0;  1 drivers
v0x563703d4ae50_0 .net "in_p", 0 0, L_0x563703d5ef10;  1 drivers
v0x563703d4af10_0 .net "out_n", 0 0, L_0x563703d5ee50;  1 drivers
v0x563703d4afd0_0 .net "out_p", 0 0, L_0x563703d5ed90;  1 drivers
v0x563703d4b090_0 .var "reg_n", 0 0;
v0x563703d4b150_0 .var "reg_p", 0 0;
S_0x563703d4b340 .scope module, "vga" "vga_example" 3 95, 8 8 0, S_0x563703cbbef0;
 .timescale 0 0;
    .port_info 0 /OUTPUT 8 "uo_out";
    .port_info 1 /INPUT 1 "clk";
    .port_info 2 /INPUT 1 "rst_n";
L_0x563703d724f0 .functor NOT 1, v0x563703d531e0_0, C4<0>, C4<0>, C4<0>;
v0x563703d4d910_0 .net "B", 1 0, L_0x563703d73090;  1 drivers
v0x563703d4da10_0 .net "G", 1 0, L_0x563703d72c60;  1 drivers
v0x563703d4daf0_0 .net "R", 1 0, L_0x563703d728b0;  1 drivers
v0x563703d4dbb0_0 .net "_ignore", 0 0, L_0x563703d61790;  1 drivers
v0x563703d4dc70_0 .net *"_ivl_1", 0 0, L_0x563703d5fd10;  1 drivers
v0x563703d4dd50_0 .net *"_ivl_11", 0 0, L_0x563703d600d0;  1 drivers
v0x563703d4de30_0 .net *"_ivl_15", 0 0, L_0x563703d60570;  1 drivers
v0x563703d4df10_0 .net *"_ivl_17", 0 0, L_0x563703d606b0;  1 drivers
v0x563703d4dff0_0 .net *"_ivl_19", 0 0, L_0x563703d60750;  1 drivers
v0x563703d4e0d0_0 .net *"_ivl_21", 0 0, L_0x563703d60880;  1 drivers
v0x563703d4e1b0_0 .net *"_ivl_23", 0 0, L_0x563703d60920;  1 drivers
v0x563703d4e290_0 .net *"_ivl_25", 0 0, L_0x563703d60a30;  1 drivers
v0x563703d4e370_0 .net *"_ivl_27", 0 0, L_0x563703d60ad0;  1 drivers
v0x563703d4e450_0 .net *"_ivl_29", 0 0, L_0x563703d60c80;  1 drivers
v0x563703d4e530_0 .net *"_ivl_3", 0 0, L_0x563703d5fdb0;  1 drivers
v0x563703d4e610_0 .net *"_ivl_31", 0 0, L_0x563703d60d20;  1 drivers
v0x563703d4e6f0_0 .net *"_ivl_33", 0 0, L_0x563703d60e50;  1 drivers
v0x563703d4e8e0_0 .net *"_ivl_35", 0 0, L_0x563703d60ef0;  1 drivers
v0x563703d4e9c0_0 .net *"_ivl_37", 0 0, L_0x563703d61030;  1 drivers
v0x563703d4eaa0_0 .net *"_ivl_39", 0 0, L_0x563703d610d0;  1 drivers
v0x563703d4eb80_0 .net *"_ivl_41", 0 0, L_0x563703d60f90;  1 drivers
v0x563703d4ec60_0 .net *"_ivl_43", 0 0, L_0x563703d61220;  1 drivers
v0x563703d4ed40_0 .net *"_ivl_44", 14 0, L_0x563703d61170;  1 drivers
v0x563703d4ee20_0 .net *"_ivl_5", 0 0, L_0x563703d5fe50;  1 drivers
v0x563703d4ef00_0 .net *"_ivl_53", 0 0, L_0x563703d72810;  1 drivers
v0x563703d4efe0_0 .net *"_ivl_55", 0 0, L_0x563703d61880;  1 drivers
v0x563703d4f0c0_0 .net *"_ivl_56", 1 0, L_0x563703d72990;  1 drivers
L_0x7f42c1e6d330 .functor BUFT 1, C4<00>, C4<0>, C4<0>, C4<0>;
v0x563703d4f1a0_0 .net/2u *"_ivl_58", 1 0, L_0x7f42c1e6d330;  1 drivers
v0x563703d4f280_0 .net *"_ivl_63", 0 0, L_0x563703d72bc0;  1 drivers
v0x563703d4f360_0 .net *"_ivl_65", 0 0, L_0x563703d72a30;  1 drivers
v0x563703d4f440_0 .net *"_ivl_66", 1 0, L_0x563703d72d60;  1 drivers
L_0x7f42c1e6d378 .functor BUFT 1, C4<00>, C4<0>, C4<0>, C4<0>;
v0x563703d4f520_0 .net/2u *"_ivl_68", 1 0, L_0x7f42c1e6d378;  1 drivers
v0x563703d4f600_0 .net *"_ivl_7", 0 0, L_0x563703d5fef0;  1 drivers
v0x563703d4f8f0_0 .net *"_ivl_73", 0 0, L_0x563703d72ff0;  1 drivers
v0x563703d4f9d0_0 .net *"_ivl_75", 0 0, L_0x563703d72e50;  1 drivers
v0x563703d4fab0_0 .net *"_ivl_76", 1 0, L_0x563703d731b0;  1 drivers
L_0x7f42c1e6d3c0 .functor BUFT 1, C4<00>, C4<0>, C4<0>, C4<0>;
v0x563703d4fb90_0 .net/2u *"_ivl_78", 1 0, L_0x7f42c1e6d3c0;  1 drivers
v0x563703d4fc70_0 .net *"_ivl_9", 0 0, L_0x563703d5ffe0;  1 drivers
v0x563703d4fd50_0 .net "clk", 0 0, v0x563703d53060_0;  alias, 1 drivers
v0x563703d4fdf0_0 .var "counter", 9 0;
v0x563703d4fed0_0 .net "hsync", 0 0, v0x563703d4d410_0;  1 drivers
v0x563703d4ff70_0 .net "moving_x", 9 0, L_0x563703d725f0;  1 drivers
v0x563703d50030_0 .net "pix_x", 9 0, v0x563703d4d330_0;  1 drivers
v0x563703d50120_0 .net "pix_y", 9 0, v0x563703d4d650_0;  1 drivers
v0x563703d501f0_0 .net "rst_n", 0 0, v0x563703d531e0_0;  alias, 1 drivers
v0x563703d502c0_0 .net "uo_out", 7 0, L_0x563703d60200;  alias, 1 drivers
v0x563703d50360_0 .net "video_active", 0 0, L_0x563703d72390;  1 drivers
v0x563703d50430_0 .net "vsync", 0 0, v0x563703d4d730_0;  1 drivers
E_0x563703d2a7f0/0 .event negedge, v0x563703d3d9c0_0;
E_0x563703d2a7f0/1 .event posedge, v0x563703d4d730_0;
E_0x563703d2a7f0 .event/or E_0x563703d2a7f0/0, E_0x563703d2a7f0/1;
L_0x563703d5fd10 .part L_0x563703d73090, 0, 1;
L_0x563703d5fdb0 .part L_0x563703d72c60, 0, 1;
L_0x563703d5fe50 .part L_0x563703d728b0, 0, 1;
L_0x563703d5fef0 .part L_0x563703d73090, 1, 1;
L_0x563703d5ffe0 .part L_0x563703d72c60, 1, 1;
L_0x563703d600d0 .part L_0x563703d728b0, 1, 1;
LS_0x563703d60200_0_0 .concat [ 1 1 1 1], L_0x563703d600d0, L_0x563703d5ffe0, L_0x563703d5fef0, v0x563703d4d730_0;
LS_0x563703d60200_0_4 .concat [ 1 1 1 1], L_0x563703d5fe50, L_0x563703d5fdb0, L_0x563703d5fd10, v0x563703d4d410_0;
L_0x563703d60200 .concat [ 4 4 0 0], LS_0x563703d60200_0_0, LS_0x563703d60200_0_4;
L_0x563703d60570 .part v0x563703d4d650_0, 9, 1;
L_0x563703d606b0 .part v0x563703d4d650_0, 8, 1;
L_0x563703d60750 .part v0x563703d4d650_0, 7, 1;
L_0x563703d60880 .part v0x563703d4d650_0, 6, 1;
L_0x563703d60920 .part v0x563703d4d650_0, 4, 1;
L_0x563703d60a30 .part v0x563703d4d650_0, 3, 1;
L_0x563703d60ad0 .part v0x563703d4d650_0, 1, 1;
L_0x563703d60c80 .part v0x563703d4d650_0, 0, 1;
L_0x563703d60d20 .part L_0x563703d725f0, 9, 1;
L_0x563703d60e50 .part L_0x563703d725f0, 8, 1;
L_0x563703d60ef0 .part L_0x563703d725f0, 4, 1;
L_0x563703d61030 .part L_0x563703d725f0, 3, 1;
L_0x563703d610d0 .part L_0x563703d725f0, 2, 1;
L_0x563703d60f90 .part L_0x563703d725f0, 1, 1;
L_0x563703d61220 .part L_0x563703d725f0, 0, 1;
LS_0x563703d61170_0_0 .concat [ 1 1 1 1], L_0x563703d61220, L_0x563703d60f90, L_0x563703d610d0, L_0x563703d61030;
LS_0x563703d61170_0_4 .concat [ 1 1 1 1], L_0x563703d60ef0, L_0x563703d60e50, L_0x563703d60d20, L_0x563703d60c80;
LS_0x563703d61170_0_8 .concat [ 1 1 1 1], L_0x563703d60ad0, L_0x563703d60a30, L_0x563703d60920, L_0x563703d60880;
LS_0x563703d61170_0_12 .concat [ 1 1 1 0], L_0x563703d60750, L_0x563703d606b0, L_0x563703d60570;
L_0x563703d61170 .concat [ 4 4 4 3], LS_0x563703d61170_0_0, LS_0x563703d61170_0_4, LS_0x563703d61170_0_8, LS_0x563703d61170_0_12;
L_0x563703d61790 .reduce/or L_0x563703d61170;
L_0x563703d725f0 .arith/sum 10, v0x563703d4d330_0, v0x563703d4fdf0_0;
L_0x563703d72810 .part L_0x563703d725f0, 5, 1;
L_0x563703d61880 .part v0x563703d4d650_0, 2, 1;
L_0x563703d72990 .concat [ 1 1 0 0], L_0x563703d61880, L_0x563703d72810;
L_0x563703d728b0 .functor MUXZ 2, L_0x7f42c1e6d330, L_0x563703d72990, L_0x563703d72390, C4<>;
L_0x563703d72bc0 .part L_0x563703d725f0, 6, 1;
L_0x563703d72a30 .part v0x563703d4d650_0, 2, 1;
L_0x563703d72d60 .concat [ 1 1 0 0], L_0x563703d72a30, L_0x563703d72bc0;
L_0x563703d72c60 .functor MUXZ 2, L_0x7f42c1e6d378, L_0x563703d72d60, L_0x563703d72390, C4<>;
L_0x563703d72ff0 .part L_0x563703d725f0, 7, 1;
L_0x563703d72e50 .part v0x563703d4d650_0, 5, 1;
L_0x563703d731b0 .concat [ 1 1 0 0], L_0x563703d72e50, L_0x563703d72ff0;
L_0x563703d73090 .functor MUXZ 2, L_0x7f42c1e6d3c0, L_0x563703d731b0, L_0x563703d72390, C4<>;
S_0x563703d4b530 .scope module, "hvsync_gen" "hvsync_generator" 8 32, 8 69 0, S_0x563703d4b340;
 .timescale 0 0;
    .port_info 0 /INPUT 1 "clk";
    .port_info 1 /INPUT 1 "reset";
    .port_info 2 /OUTPUT 1 "hsync";
    .port_info 3 /OUTPUT 1 "vsync";
    .port_info 4 /OUTPUT 1 "display_on";
    .port_info 5 /OUTPUT 10 "hpos";
    .port_info 6 /OUTPUT 10 "vpos";
P_0x563703d4b730 .param/l "H_BACK" 0 8 81, +C4<00000000000000000000000000110000>;
P_0x563703d4b770 .param/l "H_DISPLAY" 0 8 80, +C4<00000000000000000000001010000000>;
P_0x563703d4b7b0 .param/l "H_FRONT" 0 8 82, +C4<00000000000000000000000000010000>;
P_0x563703d4b7f0 .param/l "H_MAX" 0 8 92, +C4<000000000000000000000000001100011111>;
P_0x563703d4b830 .param/l "H_SYNC" 0 8 83, +C4<00000000000000000000000001100000>;
P_0x563703d4b870 .param/l "H_SYNC_END" 0 8 91, +C4<00000000000000000000000001011101111>;
P_0x563703d4b8b0 .param/l "H_SYNC_START" 0 8 90, +C4<000000000000000000000001010010000>;
P_0x563703d4b8f0 .param/l "V_BOTTOM" 0 8 87, +C4<00000000000000000000000000001010>;
P_0x563703d4b930 .param/l "V_DISPLAY" 0 8 85, +C4<00000000000000000000000111100000>;
P_0x563703d4b970 .param/l "V_MAX" 0 8 95, +C4<000000000000000000000000001000001100>;
P_0x563703d4b9b0 .param/l "V_SYNC" 0 8 88, +C4<00000000000000000000000000000010>;
P_0x563703d4b9f0 .param/l "V_SYNC_END" 0 8 94, +C4<00000000000000000000000000111101011>;
P_0x563703d4ba30 .param/l "V_SYNC_START" 0 8 93, +C4<000000000000000000000000111101010>;
P_0x563703d4ba70 .param/l "V_TOP" 0 8 86, +C4<00000000000000000000000000100001>;
L_0x563703d71aa0 .functor OR 1, L_0x563703d719b0, L_0x563703d724f0, C4<0>, C4<0>;
L_0x563703d71d90 .functor OR 1, L_0x563703d71c50, L_0x563703d724f0, C4<0>, C4<0>;
L_0x563703d72390 .functor AND 1, L_0x563703d72020, L_0x563703d72200, C4<1>, C4<1>;
v0x563703d4bcf0_0 .net *"_ivl_0", 35 0, L_0x563703d612c0;  1 drivers
v0x563703d4c410_0 .net *"_ivl_10", 35 0, L_0x563703d71b60;  1 drivers
L_0x7f42c1e6d180 .functor BUFT 1, C4<00000000000000000000000000>, C4<0>, C4<0>, C4<0>;
v0x563703d4c4f0_0 .net *"_ivl_13", 25 0, L_0x7f42c1e6d180;  1 drivers
L_0x7f42c1e6d1c8 .functor BUFT 1, C4<000000000000000000000000001000001100>, C4<0>, C4<0>, C4<0>;
v0x563703d4c5e0_0 .net/2u *"_ivl_14", 35 0, L_0x7f42c1e6d1c8;  1 drivers
v0x563703d4c6c0_0 .net *"_ivl_16", 0 0, L_0x563703d71c50;  1 drivers
v0x563703d4c7d0_0 .net *"_ivl_20", 31 0, L_0x563703d71ea0;  1 drivers
L_0x7f42c1e6d210 .functor BUFT 1, C4<0000000000000000000000>, C4<0>, C4<0>, C4<0>;
v0x563703d4c8b0_0 .net *"_ivl_23", 21 0, L_0x7f42c1e6d210;  1 drivers
L_0x7f42c1e6d258 .functor BUFT 1, C4<00000000000000000000001010000000>, C4<0>, C4<0>, C4<0>;
v0x563703d4c990_0 .net/2u *"_ivl_24", 31 0, L_0x7f42c1e6d258;  1 drivers
v0x563703d4ca70_0 .net *"_ivl_26", 0 0, L_0x563703d72020;  1 drivers
v0x563703d4cb30_0 .net *"_ivl_28", 31 0, L_0x563703d72110;  1 drivers
L_0x7f42c1e6d0f0 .functor BUFT 1, C4<00000000000000000000000000>, C4<0>, C4<0>, C4<0>;
v0x563703d4cc10_0 .net *"_ivl_3", 25 0, L_0x7f42c1e6d0f0;  1 drivers
L_0x7f42c1e6d2a0 .functor BUFT 1, C4<0000000000000000000000>, C4<0>, C4<0>, C4<0>;
v0x563703d4ccf0_0 .net *"_ivl_31", 21 0, L_0x7f42c1e6d2a0;  1 drivers
L_0x7f42c1e6d2e8 .functor BUFT 1, C4<00000000000000000000000111100000>, C4<0>, C4<0>, C4<0>;
v0x563703d4cdd0_0 .net/2u *"_ivl_32", 31 0, L_0x7f42c1e6d2e8;  1 drivers
v0x563703d4ceb0_0 .net *"_ivl_34", 0 0, L_0x563703d72200;  1 drivers
L_0x7f42c1e6d138 .functor BUFT 1, C4<000000000000000000000000001100011111>, C4<0>, C4<0>, C4<0>;
v0x563703d4cf70_0 .net/2u *"_ivl_4", 35 0, L_0x7f42c1e6d138;  1 drivers
v0x563703d4d050_0 .net *"_ivl_6", 0 0, L_0x563703d719b0;  1 drivers
v0x563703d4d110_0 .net "clk", 0 0, v0x563703d53060_0;  alias, 1 drivers
v0x563703d4d1b0_0 .net "display_on", 0 0, L_0x563703d72390;  alias, 1 drivers
v0x563703d4d270_0 .net "hmaxxed", 0 0, L_0x563703d71aa0;  1 drivers
v0x563703d4d330_0 .var "hpos", 9 0;
v0x563703d4d410_0 .var "hsync", 0 0;
v0x563703d4d4d0_0 .net "reset", 0 0, L_0x563703d724f0;  1 drivers
v0x563703d4d590_0 .net "vmaxxed", 0 0, L_0x563703d71d90;  1 drivers
v0x563703d4d650_0 .var "vpos", 9 0;
v0x563703d4d730_0 .var "vsync", 0 0;
L_0x563703d612c0 .concat [ 10 26 0 0], v0x563703d4d330_0, L_0x7f42c1e6d0f0;
L_0x563703d719b0 .cmp/eq 36, L_0x563703d612c0, L_0x7f42c1e6d138;
L_0x563703d71b60 .concat [ 10 26 0 0], v0x563703d4d650_0, L_0x7f42c1e6d180;
L_0x563703d71c50 .cmp/eq 36, L_0x563703d71b60, L_0x7f42c1e6d1c8;
L_0x563703d71ea0 .concat [ 10 22 0 0], v0x563703d4d330_0, L_0x7f42c1e6d210;
L_0x563703d72020 .cmp/gt 32, L_0x7f42c1e6d258, L_0x563703d71ea0;
L_0x563703d72110 .concat [ 10 22 0 0], v0x563703d4d650_0, L_0x7f42c1e6d2a0;
L_0x563703d72200 .cmp/gt 32, L_0x7f42c1e6d2e8, L_0x563703d72110;
    .scope S_0x563703d46120;
T_9 ;
    %wait E_0x563703d2a7b0;
    %load/vec4 v0x563703d466e0_0;
    %assign/vec4 v0x563703d46a30_0, 0;
    %load/vec4 v0x563703d46640_0;
    %assign/vec4 v0x563703d46970_0, 0;
    %jmp T_9;
    .thread T_9;
    .scope S_0x563703d4a7f0;
T_10 ;
    %wait E_0x563703d2a7b0;
    %load/vec4 v0x563703d4ae50_0;
    %assign/vec4 v0x563703d4b150_0, 0;
    %load/vec4 v0x563703d4adb0_0;
    %assign/vec4 v0x563703d4b090_0, 0;
    %jmp T_10;
    .thread T_10;
    .scope S_0x563703d49da0;
T_11 ;
    %wait E_0x563703d2a7b0;
    %load/vec4 v0x563703d4a340_0;
    %assign/vec4 v0x563703d4a690_0, 0;
    %load/vec4 v0x563703d4a2a0_0;
    %assign/vec4 v0x563703d4a5d0_0, 0;
    %jmp T_11;
    .thread T_11;
    .scope S_0x563703d3dc40;
T_12 ;
    %wait E_0x563703d2a7b0;
    %load/vec4 v0x563703d3e180_0;
    %assign/vec4 v0x563703d3e4b0_0, 0;
    %load/vec4 v0x563703d3e0e0_0;
    %assign/vec4 v0x563703d3e3f0_0, 0;
    %jmp T_12;
    .thread T_12;
    .scope S_0x563703d4b530;
T_13 ;
    %wait E_0x563703d2a7b0;
    %load/vec4 v0x563703d4d330_0;
    %pad/u 33;
    %cmpi/u 656, 0, 33;
    %flag_inv 5; GE is !LT
    %flag_get/vec4 5;
    %jmp/0 T_13.0, 5;
    %load/vec4 v0x563703d4d330_0;
    %pad/u 35;
    %cmpi/u 751, 0, 35;
    %flag_get/vec4 4;
    %flag_get/vec4 5;
    %or;
    %and;
T_13.0;
    %assign/vec4 v0x563703d4d410_0, 0;
    %load/vec4 v0x563703d4d270_0;
    %flag_set/vec4 8;
    %jmp/0xz  T_13.1, 8;
    %pushi/vec4 0, 0, 10;
    %assign/vec4 v0x563703d4d330_0, 0;
    %jmp T_13.2;
T_13.1 ;
    %load/vec4 v0x563703d4d330_0;
    %addi 1, 0, 10;
    %assign/vec4 v0x563703d4d330_0, 0;
T_13.2 ;
    %jmp T_13;
    .thread T_13;
    .scope S_0x563703d4b530;
T_14 ;
    %wait E_0x563703d2a7b0;
    %load/vec4 v0x563703d4d650_0;
    %pad/u 33;
    %cmpi/u 490, 0, 33;
    %flag_inv 5; GE is !LT
    %flag_get/vec4 5;
    %jmp/0 T_14.0, 5;
    %load/vec4 v0x563703d4d650_0;
    %pad/u 35;
    %cmpi/u 491, 0, 35;
    %flag_get/vec4 4;
    %flag_get/vec4 5;
    %or;
    %and;
T_14.0;
    %assign/vec4 v0x563703d4d730_0, 0;
    %load/vec4 v0x563703d4d270_0;
    %flag_set/vec4 8;
    %jmp/0xz  T_14.1, 8;
    %load/vec4 v0x563703d4d590_0;
    %flag_set/vec4 8;
    %jmp/0xz  T_14.3, 8;
    %pushi/vec4 0, 0, 10;
    %assign/vec4 v0x563703d4d650_0, 0;
    %jmp T_14.4;
T_14.3 ;
    %load/vec4 v0x563703d4d650_0;
    %addi 1, 0, 10;
    %assign/vec4 v0x563703d4d650_0, 0;
T_14.4 ;
T_14.1 ;
    %jmp T_14;
    .thread T_14;
    .scope S_0x563703d4b340;
T_15 ;
    %wait E_0x563703d2a7f0;
    %load/vec4 v0x563703d501f0_0;
    %inv;
    %flag_set/vec4 8;
    %jmp/0xz  T_15.0, 8;
    %pushi/vec4 0, 0, 10;
    %assign/vec4 v0x563703d4fdf0_0, 0;
    %jmp T_15.1;
T_15.0 ;
    %load/vec4 v0x563703d4fdf0_0;
    %addi 1, 0, 10;
    %assign/vec4 v0x563703d4fdf0_0, 0;
T_15.1 ;
    %jmp T_15;
    .thread T_15;
    .scope S_0x563703d353a0;
T_16 ;
    %wait E_0x563703c3b0d0;
    %load/vec4 v0x563703d3d9c0_0;
    %inv;
    %flag_set/vec4 8;
    %jmp/0xz  T_16.0, 8;
    %pushi/vec4 0, 0, 1;
    %assign/vec4 v0x563703d3d310_0, 0;
    %jmp T_16.1;
T_16.0 ;
    %load/vec4 v0x563703d3da80_0;
    %load/vec4 v0x563703d3d250_0;
    %and;
    %flag_set/vec4 8;
    %jmp/0xz  T_16.2, 8;
    %load/vec4 v0x563703d3d170_0;
    %load/vec4 v0x563703d3cd10_0;
    %parti/s 4, 0, 2;
    %pad/u 6;
    %ix/vec4 3;
    %ix/load 4, 0, 0; Constant delay
    %assign/vec4/a/d v0x563703d3d4b0, 0, 4;
    %jmp T_16.3;
T_16.2 ;
    %load/vec4 v0x563703d3d250_0;
    %flag_set/vec4 8;
    %jmp/0xz  T_16.4, 8;
    %load/vec4 v0x563703d3d3d0_0;
    %or/r;
    %assign/vec4 v0x563703d3d310_0, 0;
T_16.4 ;
T_16.3 ;
T_16.1 ;
    %jmp T_16;
    .thread T_16;
    .scope S_0x563703d12290;
T_17 ;
    %vpi_call 2 28 "$dumpfile", "signal_test_top.vcd" {0 0 0};
    %vpi_call 2 29 "$dumpvars" {0 0 0};
    %vpi_call 2 30 "$monitor", "time %d\011 clk %b\011 ena %b\011 ui_in %b\011 uio_in %b\011 uo_out %b\012", $time, v0x563703d53060_0, v0x563703d53120_0, v0x563703d53280_0, v0x563703d53350_0, v0x563703d535e0_0 {0 0 0};
    %pushi/vec4 0, 0, 8;
    %store/vec4 v0x563703d53280_0, 0, 8;
    %pushi/vec4 0, 0, 8;
    %store/vec4 v0x563703d53350_0, 0, 8;
    %pushi/vec4 0, 0, 1;
    %store/vec4 v0x563703d53120_0, 0, 1;
    %pushi/vec4 0, 0, 1;
    %store/vec4 v0x563703d53060_0, 0, 1;
    %pushi/vec4 0, 0, 1;
    %store/vec4 v0x563703d531e0_0, 0, 1;
    %delay 100, 0;
    %vpi_call 2 36 "$display", "kogge-stone\012" {0 0 0};
    %pushi/vec4 2, 0, 8;
    %assign/vec4 v0x563703d53280_0, 0;
    %pushi/vec4 5, 0, 8;
    %assign/vec4 v0x563703d53350_0, 0;
    %delay 100, 0;
    %pushi/vec4 133, 0, 8;
    %assign/vec4 v0x563703d53350_0, 0;
    %delay 100, 0;
    %vpi_call 2 41 "$display", "onehalf_latch\012" {0 0 0};
    %pushi/vec4 64, 0, 8;
    %assign/vec4 v0x563703d53280_0, 0;
    %pushi/vec4 1, 0, 8;
    %assign/vec4 v0x563703d53350_0, 0;
    %delay 100, 0;
    %pushi/vec4 1, 0, 1;
    %assign/vec4 v0x563703d53060_0, 0;
    %delay 100, 0;
    %pushi/vec4 0, 0, 1;
    %assign/vec4 v0x563703d53060_0, 0;
    %pushi/vec4 64, 0, 8;
    %assign/vec4 v0x563703d53280_0, 0;
    %pushi/vec4 0, 0, 8;
    %assign/vec4 v0x563703d53350_0, 0;
    %delay 100, 0;
    %pushi/vec4 1, 0, 1;
    %assign/vec4 v0x563703d53060_0, 0;
    %delay 100, 0;
    %pushi/vec4 0, 0, 1;
    %assign/vec4 v0x563703d53060_0, 0;
    %pushi/vec4 65, 0, 8;
    %assign/vec4 v0x563703d53280_0, 0;
    %pushi/vec4 0, 0, 8;
    %assign/vec4 v0x563703d53350_0, 0;
    %delay 100, 0;
    %pushi/vec4 1, 0, 1;
    %assign/vec4 v0x563703d53060_0, 0;
    %delay 100, 0;
    %pushi/vec4 0, 0, 1;
    %assign/vec4 v0x563703d53060_0, 0;
    %pushi/vec4 65, 0, 8;
    %assign/vec4 v0x563703d53280_0, 0;
    %pushi/vec4 1, 0, 8;
    %assign/vec4 v0x563703d53350_0, 0;
    %delay 100, 0;
    %pushi/vec4 1, 0, 1;
    %assign/vec4 v0x563703d53060_0, 0;
    %delay 100, 0;
    %pushi/vec4 0, 0, 1;
    %assign/vec4 v0x563703d53060_0, 0;
    %pushi/vec4 64, 0, 8;
    %assign/vec4 v0x563703d53280_0, 0;
    %pushi/vec4 0, 0, 8;
    %assign/vec4 v0x563703d53350_0, 0;
    %delay 100, 0;
    %pushi/vec4 1, 0, 1;
    %assign/vec4 v0x563703d53060_0, 0;
    %delay 100, 0;
    %pushi/vec4 0, 0, 1;
    %assign/vec4 v0x563703d53060_0, 0;
    %pushi/vec4 65, 0, 8;
    %assign/vec4 v0x563703d53280_0, 0;
    %pushi/vec4 1, 0, 8;
    %assign/vec4 v0x563703d53350_0, 0;
    %delay 100, 0;
    %vpi_call 2 50 "$display", "two_half_latch\012" {0 0 0};
    %pushi/vec4 64, 0, 8;
    %assign/vec4 v0x563703d53280_0, 0;
    %pushi/vec4 2, 0, 8;
    %assign/vec4 v0x563703d53350_0, 0;
    %delay 100, 0;
    %pushi/vec4 1, 0, 1;
    %assign/vec4 v0x563703d53060_0, 0;
    %delay 100, 0;
    %pushi/vec4 0, 0, 1;
    %assign/vec4 v0x563703d53060_0, 0;
    %pushi/vec4 64, 0, 8;
    %assign/vec4 v0x563703d53280_0, 0;
    %pushi/vec4 0, 0, 8;
    %assign/vec4 v0x563703d53350_0, 0;
    %delay 100, 0;
    %pushi/vec4 1, 0, 1;
    %assign/vec4 v0x563703d53060_0, 0;
    %delay 100, 0;
    %pushi/vec4 0, 0, 1;
    %assign/vec4 v0x563703d53060_0, 0;
    %pushi/vec4 66, 0, 8;
    %assign/vec4 v0x563703d53280_0, 0;
    %pushi/vec4 0, 0, 8;
    %assign/vec4 v0x563703d53350_0, 0;
    %delay 100, 0;
    %pushi/vec4 1, 0, 1;
    %assign/vec4 v0x563703d53060_0, 0;
    %delay 100, 0;
    %pushi/vec4 0, 0, 1;
    %assign/vec4 v0x563703d53060_0, 0;
    %pushi/vec4 66, 0, 8;
    %assign/vec4 v0x563703d53280_0, 0;
    %pushi/vec4 2, 0, 8;
    %assign/vec4 v0x563703d53350_0, 0;
    %delay 100, 0;
    %pushi/vec4 1, 0, 1;
    %assign/vec4 v0x563703d53060_0, 0;
    %delay 100, 0;
    %pushi/vec4 0, 0, 1;
    %assign/vec4 v0x563703d53060_0, 0;
    %pushi/vec4 64, 0, 8;
    %assign/vec4 v0x563703d53280_0, 0;
    %pushi/vec4 0, 0, 8;
    %assign/vec4 v0x563703d53350_0, 0;
    %delay 100, 0;
    %pushi/vec4 1, 0, 1;
    %assign/vec4 v0x563703d53060_0, 0;
    %delay 100, 0;
    %pushi/vec4 0, 0, 1;
    %assign/vec4 v0x563703d53060_0, 0;
    %pushi/vec4 66, 0, 8;
    %assign/vec4 v0x563703d53280_0, 0;
    %pushi/vec4 2, 0, 8;
    %assign/vec4 v0x563703d53350_0, 0;
    %delay 100, 0;
    %vpi_call 2 59 "$display", "tree_half_latch\012" {0 0 0};
    %pushi/vec4 64, 0, 8;
    %assign/vec4 v0x563703d53280_0, 0;
    %pushi/vec4 4, 0, 8;
    %assign/vec4 v0x563703d53350_0, 0;
    %delay 100, 0;
    %pushi/vec4 1, 0, 1;
    %assign/vec4 v0x563703d53060_0, 0;
    %delay 100, 0;
    %pushi/vec4 0, 0, 1;
    %assign/vec4 v0x563703d53060_0, 0;
    %pushi/vec4 64, 0, 8;
    %assign/vec4 v0x563703d53280_0, 0;
    %pushi/vec4 0, 0, 8;
    %assign/vec4 v0x563703d53350_0, 0;
    %delay 100, 0;
    %pushi/vec4 1, 0, 1;
    %assign/vec4 v0x563703d53060_0, 0;
    %delay 100, 0;
    %pushi/vec4 0, 0, 1;
    %assign/vec4 v0x563703d53060_0, 0;
    %pushi/vec4 68, 0, 8;
    %assign/vec4 v0x563703d53280_0, 0;
    %pushi/vec4 0, 0, 8;
    %assign/vec4 v0x563703d53350_0, 0;
    %delay 100, 0;
    %pushi/vec4 1, 0, 1;
    %assign/vec4 v0x563703d53060_0, 0;
    %delay 100, 0;
    %pushi/vec4 0, 0, 1;
    %assign/vec4 v0x563703d53060_0, 0;
    %pushi/vec4 68, 0, 8;
    %assign/vec4 v0x563703d53280_0, 0;
    %pushi/vec4 4, 0, 8;
    %assign/vec4 v0x563703d53350_0, 0;
    %delay 100, 0;
    %pushi/vec4 1, 0, 1;
    %assign/vec4 v0x563703d53060_0, 0;
    %delay 100, 0;
    %pushi/vec4 0, 0, 1;
    %assign/vec4 v0x563703d53060_0, 0;
    %pushi/vec4 64, 0, 8;
    %assign/vec4 v0x563703d53280_0, 0;
    %pushi/vec4 0, 0, 8;
    %assign/vec4 v0x563703d53350_0, 0;
    %delay 100, 0;
    %pushi/vec4 1, 0, 1;
    %assign/vec4 v0x563703d53060_0, 0;
    %delay 100, 0;
    %pushi/vec4 0, 0, 1;
    %assign/vec4 v0x563703d53060_0, 0;
    %pushi/vec4 68, 0, 8;
    %assign/vec4 v0x563703d53280_0, 0;
    %pushi/vec4 4, 0, 8;
    %assign/vec4 v0x563703d53350_0, 0;
    %delay 100, 0;
    %vpi_call 2 68 "$display", "four_half_latch\012" {0 0 0};
    %pushi/vec4 64, 0, 8;
    %assign/vec4 v0x563703d53280_0, 0;
    %pushi/vec4 8, 0, 8;
    %assign/vec4 v0x563703d53350_0, 0;
    %delay 100, 0;
    %pushi/vec4 1, 0, 1;
    %assign/vec4 v0x563703d53060_0, 0;
    %delay 100, 0;
    %pushi/vec4 0, 0, 1;
    %assign/vec4 v0x563703d53060_0, 0;
    %pushi/vec4 64, 0, 8;
    %assign/vec4 v0x563703d53280_0, 0;
    %pushi/vec4 0, 0, 8;
    %assign/vec4 v0x563703d53350_0, 0;
    %delay 100, 0;
    %pushi/vec4 1, 0, 1;
    %assign/vec4 v0x563703d53060_0, 0;
    %delay 100, 0;
    %pushi/vec4 0, 0, 1;
    %assign/vec4 v0x563703d53060_0, 0;
    %pushi/vec4 72, 0, 8;
    %assign/vec4 v0x563703d53280_0, 0;
    %pushi/vec4 0, 0, 8;
    %assign/vec4 v0x563703d53350_0, 0;
    %delay 100, 0;
    %pushi/vec4 1, 0, 1;
    %assign/vec4 v0x563703d53060_0, 0;
    %delay 100, 0;
    %pushi/vec4 0, 0, 1;
    %assign/vec4 v0x563703d53060_0, 0;
    %pushi/vec4 72, 0, 8;
    %assign/vec4 v0x563703d53280_0, 0;
    %pushi/vec4 8, 0, 8;
    %assign/vec4 v0x563703d53350_0, 0;
    %delay 100, 0;
    %pushi/vec4 1, 0, 1;
    %assign/vec4 v0x563703d53060_0, 0;
    %delay 100, 0;
    %pushi/vec4 0, 0, 1;
    %assign/vec4 v0x563703d53060_0, 0;
    %pushi/vec4 64, 0, 8;
    %assign/vec4 v0x563703d53280_0, 0;
    %pushi/vec4 0, 0, 8;
    %assign/vec4 v0x563703d53350_0, 0;
    %delay 100, 0;
    %pushi/vec4 1, 0, 1;
    %assign/vec4 v0x563703d53060_0, 0;
    %delay 100, 0;
    %pushi/vec4 0, 0, 1;
    %assign/vec4 v0x563703d53060_0, 0;
    %pushi/vec4 72, 0, 8;
    %assign/vec4 v0x563703d53280_0, 0;
    %pushi/vec4 8, 0, 8;
    %assign/vec4 v0x563703d53350_0, 0;
    %delay 100, 0;
    %vpi_call 2 77 "$display", "vga\012" {0 0 0};
    %pushi/vec4 1, 0, 1;
    %assign/vec4 v0x563703d53120_0, 0;
    %pushi/vec4 1, 0, 1;
    %assign/vec4 v0x563703d531e0_0, 0;
    %pushi/vec4 0, 0, 1;
    %assign/vec4 v0x563703d53060_0, 0;
    %pushi/vec4 128, 0, 8;
    %assign/vec4 v0x563703d53280_0, 0;
    %pushi/vec4 100, 0, 32;
T_17.0 %dup/vec4;
    %pushi/vec4 0, 0, 32;
    %cmp/s;
    %jmp/1xz T_17.1, 5;
    %jmp/1 T_17.1, 4;
    %pushi/vec4 1, 0, 32;
    %sub;
    %pushi/vec4 1, 0, 1;
    %assign/vec4 v0x563703d53060_0, 0;
    %delay 100, 0;
    %pushi/vec4 0, 0, 1;
    %assign/vec4 v0x563703d53060_0, 0;
    %delay 100, 0;
    %jmp T_17.0;
T_17.1 ;
    %pop/vec4 1;
    %vpi_call 2 82 "$display", "cam\012" {0 0 0};
    %pushi/vec4 0, 0, 1;
    %assign/vec4 v0x563703d531e0_0, 0;
    %pushi/vec4 1, 0, 1;
    %assign/vec4 v0x563703d53120_0, 0;
    %pushi/vec4 1, 0, 1;
    %assign/vec4 v0x563703d53060_0, 0;
    %delay 100, 0;
    %pushi/vec4 0, 0, 1;
    %assign/vec4 v0x563703d53060_0, 0;
    %delay 100, 0;
    %pushi/vec4 1, 0, 1;
    %assign/vec4 v0x563703d531e0_0, 0;
    %pushi/vec4 224, 0, 8;
    %assign/vec4 v0x563703d53280_0, 0;
    %pushi/vec4 0, 0, 8;
    %assign/vec4 v0x563703d53350_0, 0;
    %pushi/vec4 1, 0, 1;
    %assign/vec4 v0x563703d53060_0, 0;
    %delay 100, 0;
    %pushi/vec4 0, 0, 1;
    %assign/vec4 v0x563703d53060_0, 0;
    %delay 100, 0;
    %pushi/vec4 225, 0, 8;
    %assign/vec4 v0x563703d53280_0, 0;
    %pushi/vec4 0, 0, 8;
    %assign/vec4 v0x563703d53350_0, 0;
    %pushi/vec4 1, 0, 1;
    %assign/vec4 v0x563703d53060_0, 0;
    %delay 100, 0;
    %pushi/vec4 0, 0, 1;
    %assign/vec4 v0x563703d53060_0, 0;
    %delay 100, 0;
    %pushi/vec4 226, 0, 8;
    %assign/vec4 v0x563703d53280_0, 0;
    %pushi/vec4 0, 0, 8;
    %assign/vec4 v0x563703d53350_0, 0;
    %pushi/vec4 1, 0, 1;
    %assign/vec4 v0x563703d53060_0, 0;
    %delay 100, 0;
    %pushi/vec4 0, 0, 1;
    %assign/vec4 v0x563703d53060_0, 0;
    %delay 100, 0;
    %pushi/vec4 227, 0, 8;
    %assign/vec4 v0x563703d53280_0, 0;
    %pushi/vec4 0, 0, 8;
    %assign/vec4 v0x563703d53350_0, 0;
    %pushi/vec4 1, 0, 1;
    %assign/vec4 v0x563703d53060_0, 0;
    %delay 100, 0;
    %pushi/vec4 0, 0, 1;
    %assign/vec4 v0x563703d53060_0, 0;
    %delay 100, 0;
    %pushi/vec4 228, 0, 8;
    %assign/vec4 v0x563703d53280_0, 0;
    %pushi/vec4 0, 0, 8;
    %assign/vec4 v0x563703d53350_0, 0;
    %pushi/vec4 1, 0, 1;
    %assign/vec4 v0x563703d53060_0, 0;
    %delay 100, 0;
    %pushi/vec4 0, 0, 1;
    %assign/vec4 v0x563703d53060_0, 0;
    %delay 100, 0;
    %pushi/vec4 229, 0, 8;
    %assign/vec4 v0x563703d53280_0, 0;
    %pushi/vec4 0, 0, 8;
    %assign/vec4 v0x563703d53350_0, 0;
    %pushi/vec4 1, 0, 1;
    %assign/vec4 v0x563703d53060_0, 0;
    %delay 100, 0;
    %pushi/vec4 0, 0, 1;
    %assign/vec4 v0x563703d53060_0, 0;
    %delay 100, 0;
    %pushi/vec4 230, 0, 8;
    %assign/vec4 v0x563703d53280_0, 0;
    %pushi/vec4 0, 0, 8;
    %assign/vec4 v0x563703d53350_0, 0;
    %pushi/vec4 1, 0, 1;
    %assign/vec4 v0x563703d53060_0, 0;
    %delay 100, 0;
    %pushi/vec4 0, 0, 1;
    %assign/vec4 v0x563703d53060_0, 0;
    %delay 100, 0;
    %pushi/vec4 231, 0, 8;
    %assign/vec4 v0x563703d53280_0, 0;
    %pushi/vec4 0, 0, 8;
    %assign/vec4 v0x563703d53350_0, 0;
    %pushi/vec4 1, 0, 1;
    %assign/vec4 v0x563703d53060_0, 0;
    %delay 100, 0;
    %pushi/vec4 0, 0, 1;
    %assign/vec4 v0x563703d53060_0, 0;
    %delay 100, 0;
    %pushi/vec4 232, 0, 8;
    %assign/vec4 v0x563703d53280_0, 0;
    %pushi/vec4 0, 0, 8;
    %assign/vec4 v0x563703d53350_0, 0;
    %pushi/vec4 1, 0, 1;
    %assign/vec4 v0x563703d53060_0, 0;
    %delay 100, 0;
    %pushi/vec4 0, 0, 1;
    %assign/vec4 v0x563703d53060_0, 0;
    %delay 100, 0;
    %pushi/vec4 233, 0, 8;
    %assign/vec4 v0x563703d53280_0, 0;
    %pushi/vec4 0, 0, 8;
    %assign/vec4 v0x563703d53350_0, 0;
    %pushi/vec4 1, 0, 1;
    %assign/vec4 v0x563703d53060_0, 0;
    %delay 100, 0;
    %pushi/vec4 0, 0, 1;
    %assign/vec4 v0x563703d53060_0, 0;
    %delay 100, 0;
    %pushi/vec4 234, 0, 8;
    %assign/vec4 v0x563703d53280_0, 0;
    %pushi/vec4 0, 0, 8;
    %assign/vec4 v0x563703d53350_0, 0;
    %pushi/vec4 1, 0, 1;
    %assign/vec4 v0x563703d53060_0, 0;
    %delay 100, 0;
    %pushi/vec4 0, 0, 1;
    %assign/vec4 v0x563703d53060_0, 0;
    %delay 100, 0;
    %pushi/vec4 235, 0, 8;
    %assign/vec4 v0x563703d53280_0, 0;
    %pushi/vec4 0, 0, 8;
    %assign/vec4 v0x563703d53350_0, 0;
    %pushi/vec4 1, 0, 1;
    %assign/vec4 v0x563703d53060_0, 0;
    %delay 100, 0;
    %pushi/vec4 0, 0, 1;
    %assign/vec4 v0x563703d53060_0, 0;
    %delay 100, 0;
    %pushi/vec4 236, 0, 8;
    %assign/vec4 v0x563703d53280_0, 0;
    %pushi/vec4 0, 0, 8;
    %assign/vec4 v0x563703d53350_0, 0;
    %pushi/vec4 1, 0, 1;
    %assign/vec4 v0x563703d53060_0, 0;
    %delay 100, 0;
    %pushi/vec4 0, 0, 1;
    %assign/vec4 v0x563703d53060_0, 0;
    %delay 100, 0;
    %pushi/vec4 237, 0, 8;
    %assign/vec4 v0x563703d53280_0, 0;
    %pushi/vec4 0, 0, 8;
    %assign/vec4 v0x563703d53350_0, 0;
    %pushi/vec4 1, 0, 1;
    %assign/vec4 v0x563703d53060_0, 0;
    %delay 100, 0;
    %pushi/vec4 0, 0, 1;
    %assign/vec4 v0x563703d53060_0, 0;
    %delay 100, 0;
    %pushi/vec4 238, 0, 8;
    %assign/vec4 v0x563703d53280_0, 0;
    %pushi/vec4 0, 0, 8;
    %assign/vec4 v0x563703d53350_0, 0;
    %pushi/vec4 1, 0, 1;
    %assign/vec4 v0x563703d53060_0, 0;
    %delay 100, 0;
    %pushi/vec4 0, 0, 1;
    %assign/vec4 v0x563703d53060_0, 0;
    %delay 100, 0;
    %pushi/vec4 239, 0, 8;
    %assign/vec4 v0x563703d53280_0, 0;
    %pushi/vec4 0, 0, 8;
    %assign/vec4 v0x563703d53350_0, 0;
    %pushi/vec4 1, 0, 1;
    %assign/vec4 v0x563703d53060_0, 0;
    %delay 100, 0;
    %pushi/vec4 0, 0, 1;
    %assign/vec4 v0x563703d53060_0, 0;
    %delay 100, 0;
    %vpi_call 2 104 "$display", "=== CAM: Writing test values ===" {0 0 0};
    %pushi/vec4 224, 0, 8;
    %assign/vec4 v0x563703d53280_0, 0;
    %pushi/vec4 85, 0, 8;
    %assign/vec4 v0x563703d53350_0, 0;
    %pushi/vec4 1, 0, 1;
    %assign/vec4 v0x563703d53060_0, 0;
    %delay 100, 0;
    %pushi/vec4 0, 0, 1;
    %assign/vec4 v0x563703d53060_0, 0;
    %delay 100, 0;
    %pushi/vec4 225, 0, 8;
    %assign/vec4 v0x563703d53280_0, 0;
    %pushi/vec4 170, 0, 8;
    %assign/vec4 v0x563703d53350_0, 0;
    %pushi/vec4 1, 0, 1;
    %assign/vec4 v0x563703d53060_0, 0;
    %delay 100, 0;
    %pushi/vec4 0, 0, 1;
    %assign/vec4 v0x563703d53060_0, 0;
    %delay 100, 0;
    %pushi/vec4 226, 0, 8;
    %assign/vec4 v0x563703d53280_0, 0;
    %pushi/vec4 119, 0, 8;
    %assign/vec4 v0x563703d53350_0, 0;
    %pushi/vec4 1, 0, 1;
    %assign/vec4 v0x563703d53060_0, 0;
    %delay 100, 0;
    %pushi/vec4 0, 0, 1;
    %assign/vec4 v0x563703d53060_0, 0;
    %delay 100, 0;
    %pushi/vec4 239, 0, 8;
    %assign/vec4 v0x563703d53280_0, 0;
    %pushi/vec4 51, 0, 8;
    %assign/vec4 v0x563703d53350_0, 0;
    %pushi/vec4 1, 0, 1;
    %assign/vec4 v0x563703d53060_0, 0;
    %delay 100, 0;
    %pushi/vec4 0, 0, 1;
    %assign/vec4 v0x563703d53060_0, 0;
    %delay 100, 0;
    %vpi_call 2 111 "$display", "=== CAM: Searching values ===\012" {0 0 0};
    %pushi/vec4 192, 0, 8;
    %assign/vec4 v0x563703d53280_0, 0;
    %pushi/vec4 85, 0, 8;
    %assign/vec4 v0x563703d53350_0, 0;
    %pushi/vec4 1, 0, 1;
    %assign/vec4 v0x563703d53060_0, 0;
    %delay 100, 0;
    %pushi/vec4 0, 0, 1;
    %assign/vec4 v0x563703d53060_0, 0;
    %delay 100, 0;
    %vpi_call 2 113 "$display", "Search 0x55: uo_out=%b (expected: found=1, addr=0)", v0x563703d535e0_0 {0 0 0};
    %pushi/vec4 170, 0, 8;
    %assign/vec4 v0x563703d53350_0, 0;
    %pushi/vec4 1, 0, 1;
    %assign/vec4 v0x563703d53060_0, 0;
    %delay 100, 0;
    %pushi/vec4 0, 0, 1;
    %assign/vec4 v0x563703d53060_0, 0;
    %delay 100, 0;
    %vpi_call 2 115 "$display", "Search 0xAA: uo_out=%b (expected: found=1, addr=1)", v0x563703d535e0_0 {0 0 0};
    %pushi/vec4 119, 0, 8;
    %assign/vec4 v0x563703d53350_0, 0;
    %pushi/vec4 1, 0, 1;
    %assign/vec4 v0x563703d53060_0, 0;
    %delay 100, 0;
    %pushi/vec4 0, 0, 1;
    %assign/vec4 v0x563703d53060_0, 0;
    %delay 100, 0;
    %vpi_call 2 117 "$display", "Search 0x77: uo_out=%b (expected: found=1, addr=2)", v0x563703d535e0_0 {0 0 0};
    %pushi/vec4 51, 0, 8;
    %assign/vec4 v0x563703d53350_0, 0;
    %pushi/vec4 1, 0, 1;
    %assign/vec4 v0x563703d53060_0, 0;
    %delay 100, 0;
    %pushi/vec4 0, 0, 1;
    %assign/vec4 v0x563703d53060_0, 0;
    %delay 100, 0;
    %vpi_call 2 119 "$display", "Search 0x33: uo_out=%b (expected: found=1, addr=15)", v0x563703d535e0_0 {0 0 0};
    %vpi_call 2 122 "$display", "=== CAM: Searching non-existent values ===" {0 0 0};
    %pushi/vec4 255, 0, 8;
    %assign/vec4 v0x563703d53350_0, 0;
    %pushi/vec4 1, 0, 1;
    %assign/vec4 v0x563703d53060_0, 0;
    %delay 100, 0;
    %pushi/vec4 0, 0, 1;
    %assign/vec4 v0x563703d53060_0, 0;
    %delay 100, 0;
    %vpi_call 2 124 "$display", "Search 0xFF: uo_out=%b (expected: found=0)", v0x563703d535e0_0 {0 0 0};
    %pushi/vec4 0, 0, 8;
    %assign/vec4 v0x563703d53350_0, 0;
    %pushi/vec4 1, 0, 1;
    %assign/vec4 v0x563703d53060_0, 0;
    %delay 100, 0;
    %pushi/vec4 0, 0, 1;
    %assign/vec4 v0x563703d53060_0, 0;
    %delay 100, 0;
    %vpi_call 2 126 "$display", "Search 0x00: uo_out=%b (expected: found=0)", v0x563703d535e0_0 {0 0 0};
    %vpi_call 2 129 "$display", "=== CAM: Overwriting values ===\012" {0 0 0};
    %pushi/vec4 225, 0, 8;
    %assign/vec4 v0x563703d53280_0, 0;
    %pushi/vec4 204, 0, 8;
    %assign/vec4 v0x563703d53350_0, 0;
    %pushi/vec4 0, 0, 1;
    %assign/vec4 v0x563703d53060_0, 0;
    %delay 100, 0;
    %pushi/vec4 1, 0, 1;
    %assign/vec4 v0x563703d53060_0, 0;
    %delay 100, 0;
    %pushi/vec4 0, 0, 1;
    %assign/vec4 v0x563703d53060_0, 0;
    %delay 100, 0;
    %pushi/vec4 192, 0, 8;
    %assign/vec4 v0x563703d53280_0, 0;
    %pushi/vec4 170, 0, 8;
    %assign/vec4 v0x563703d53350_0, 0;
    %pushi/vec4 1, 0, 1;
    %assign/vec4 v0x563703d53060_0, 0;
    %delay 100, 0;
    %pushi/vec4 0, 0, 1;
    %assign/vec4 v0x563703d53060_0, 0;
    %delay 100, 0;
    %vpi_call 2 132 "$display", "Search old 0xAA: uo_out=%b (expected: found=0)", v0x563703d535e0_0 {0 0 0};
    %pushi/vec4 204, 0, 8;
    %assign/vec4 v0x563703d53350_0, 0;
    %pushi/vec4 1, 0, 1;
    %assign/vec4 v0x563703d53060_0, 0;
    %delay 100, 0;
    %pushi/vec4 0, 0, 1;
    %assign/vec4 v0x563703d53060_0, 0;
    %delay 100, 0;
    %vpi_call 2 134 "$display", "Search new 0xCC: uo_out=%b (expected: found=1, addr=1)", v0x563703d535e0_0 {0 0 0};
    %vpi_call 2 137 "$display", "=== CAM: Testing reset ===" {0 0 0};
    %pushi/vec4 0, 0, 1;
    %assign/vec4 v0x563703d531e0_0, 0;
    %pushi/vec4 1, 0, 1;
    %assign/vec4 v0x563703d53060_0, 0;
    %delay 100, 0;
    %pushi/vec4 0, 0, 1;
    %assign/vec4 v0x563703d53060_0, 0;
    %delay 100, 0;
    %pushi/vec4 1, 0, 1;
    %assign/vec4 v0x563703d531e0_0, 0;
    %pushi/vec4 192, 0, 8;
    %assign/vec4 v0x563703d53280_0, 0;
    %pushi/vec4 204, 0, 8;
    %assign/vec4 v0x563703d53350_0, 0;
    %pushi/vec4 1, 0, 1;
    %assign/vec4 v0x563703d53060_0, 0;
    %delay 100, 0;
    %pushi/vec4 0, 0, 1;
    %assign/vec4 v0x563703d53060_0, 0;
    %delay 100, 0;
    %vpi_call 2 140 "$display", "After reset, search 0xCC: uo_out=%b (expected: found=0)", v0x563703d535e0_0 {0 0 0};
    %delay 100, 0;
    %end;
    .thread T_17;
# The file index is used to find the file name in the following table.
:file_names 9;
    "N/A";
    "<interactive>";
    "test/test.v";
    "src/top.v";
    "src/brent-kung.v";
    "src/cam.v";
    "src/1half_latch.v";
    "src/mux.v";
    "src/vga.v";
